experiment,build,cell,aggregate_tps,ttft_avg_ms,ttft_p99_ms,itl_avg_ms,per_user_tps,spec_accept_rate,server_utilization
exp04-fp8-mtp3-headtohead,repne-fork,c1_ctx0,120.14,65.0,69.3,8.191,122.1,0.4148,0.0054
exp04-fp8-mtp3-headtohead,repne-fork,c1_ctx131072,93.69,783.0,790.6,10.174,98.3,0.6944,0.0725
exp04-fp8-mtp3-headtohead,repne-fork,c2_ctx0,223.83,241.8,838.2,8.154,122.6,0.6466,0.0116
exp04-fp8-mtp3-headtohead,repne-fork,c2_ctx131072,183.41,1102.2,1543.8,10.487,95.4,0.5602,0.0791
exp04-fp8-mtp3-headtohead,repne-fork,c4_ctx0,449.46,126.7,199.1,8.551,116.9,0.5758,0.0240
exp04-fp8-mtp3-headtohead,repne-fork,c4_ctx131072,347.44,1911.7,3310.6,11.021,90.7,0.5429,0.0911
exp04-fp8-mtp3-headtohead,upstream-v0.20.1,c1_ctx0,112.27,68.7,73.5,8.845,113.1,0.5159,0.0063
exp04-fp8-mtp3-headtohead,upstream-v0.20.1,c1_ctx131072,98.96,766.8,767.4,9.774,102.3,0.4474,0.0732
exp04-fp8-mtp3-headtohead,upstream-v0.20.1,c2_ctx0,197.03,395.1,1301.6,9.820,101.8,0.4878,0.0117
exp04-fp8-mtp3-headtohead,upstream-v0.20.1,c2_ctx131072,183.93,1104.4,1413.2,10.357,96.6,0.4369,0.0799
exp04-fp8-mtp3-headtohead,upstream-v0.20.1,c4_ctx0,413.81,156.0,378.3,9.561,104.6,0.4939,0.0251
exp04-fp8-mtp3-headtohead,upstream-v0.20.1,c4_ctx131072,344.97,2050.4,3251.0,11.056,90.4,0.5952,0.0916
exp05-bf16-dflash-headtohead,repne-fork,c1_ctx0,98.85,71.0,79.5,9.850,101.5,0.2463,0.0173
exp05-bf16-dflash-headtohead,repne-fork,c1_ctx131072,81.41,735.5,744.9,10.832,92.3,0.1653,0.1432
exp05-bf16-dflash-headtohead,repne-fork,c2_ctx0,184.53,164.9,261.8,10.726,93.2,0.1719,0.0329
exp05-bf16-dflash-headtohead,repne-fork,c2_ctx131072,162.66,1095.9,1441.6,11.180,89.4,0.3642,0.1604
exp05-bf16-dflash-headtohead,repne-fork,c4_ctx0,358.44,143.7,171.1,10.946,91.4,0.2115,0.0658
exp05-bf16-dflash-headtohead,repne-fork,c4_ctx131072,284.43,1568.9,2766.5,12.117,82.5,0.2998,0.1958
exp05-bf16-dflash-headtohead,upstream-v0.20.1,c1_ctx0,85.52,59.2,60.6,11.110,90.0,0.1680,0.0168
exp05-bf16-dflash-headtohead,upstream-v0.20.1,c1_ctx131072,11.66,762.0,762.0,86.615,11.5,0.0125,0.1464
exp05-bf16-dflash-headtohead,upstream-v0.20.1,c2_ctx0,153.85,452.0,1139.2,12.136,82.4,0.2339,0.0328
exp05-bf16-dflash-headtohead,upstream-v0.20.1,c2_ctx131072,22.41,1335.4,1557.1,90.366,11.1,0.0312,0.1641
exp05-bf16-dflash-headtohead,upstream-v0.20.1,c4_ctx0,290.91,181.7,407.6,12.561,79.6,0.2672,0.0640
exp05-bf16-dflash-headtohead,upstream-v0.20.1,c4_ctx131072,44.68,2209.8,2668.7,90.636,11.0,0.0208,0.1995
exp01-morning-bf16-dflash8,repne-fork-may3-old,c1_ctx128k,90.04,752.4,754.0,10.467,95.5,0.3145,0.1432
exp01-morning-bf16-dflash8,repne-fork-may3-old,c1_ctx128k,87.69,747.1,748.3,10.572,94.6,0.3024,0.1432
exp01-morning-bf16-dflash8,repne-fork-may3-old,c1_ctx128k,94.09,750.7,760.3,10.159,98.4,0.3427,0.1440
exp01-morning-bf16-dflash8,repne-fork-may3-old,c1_ctx128k,89.87,742.5,756.3,10.593,94.4,0.2375,0.1432
exp01-morning-bf16-dflash8,repne-fork-may3-old,c1_ctx128k,88.61,768.7,797.2,10.679,93.6,0.2419,0.1432
exp01-morning-bf16-dflash8,repne-fork-may3-old,c2_ctx244k,159.76,1730.5,2183.2,11.806,84.7,0.2199,0.2756
exp01-morning-bf16-dflash8,repne-fork-may3-old,c2_ctx244k,139.77,1684.4,2291.0,12.404,80.6,0.2500,0.2756
exp01-morning-bf16-dflash8,repne-fork-may3-old,c2_ctx244k,141.46,1679.5,2168.0,12.426,80.5,0.2292,0.2756
exp01-morning-bf16-dflash8,repne-fork-may3-old,c2_ctx244k,134.93,1575.9,2113.2,12.470,80.2,0.2685,0.2748
exp01-morning-bf16-dflash8,repne-fork-may3-old,c2_ctx244k,153.42,1600.7,2175.2,12.158,82.3,0.2616,0.2756
exp01-morning-bf16-dflash8,repne-fork-may3-old,c2_ctx250k,130.92,1797.4,2320.3,12.578,79.5,0.1829,0.2814
exp01-morning-bf16-dflash8,repne-fork-may3-old,c2_ctx250k,137.93,1710.0,2306.2,12.567,79.6,0.1782,0.2814
exp01-morning-bf16-dflash8,repne-fork-may3-old,c2_ctx250k,131.23,1659.4,2211.5,12.826,78.0,0.1851,0.2814
exp01-morning-bf16-dflash8,repne-fork-may3-old,c2_ctx250k,133.24,1663.0,2219.3,12.582,79.5,0.2236,0.2814
exp01-morning-bf16-dflash8,repne-fork-may3-old,c2_ctx250k,137.26,1811.0,2288.6,12.418,80.5,0.3079,0.2814
exp01-morning-bf16-dflash8,repne-fork-may3-old,c4_ctx0,331.55,155.8,216.1,11.561,86.5,0.2329,0.0658
exp01-morning-bf16-dflash8,repne-fork-may3-old,c4_ctx0,331.62,133.3,153.1,11.412,87.6,0.2268,0.0658
exp01-morning-bf16-dflash8,repne-fork-may3-old,c4_ctx0,324.15,247.6,374.7,11.677,85.6,0.2046,0.0658
exp01-morning-bf16-dflash8,repne-fork-may3-old,c4_ctx0,342.99,148.3,190.6,11.301,88.5,0.2581,0.0658
exp01-morning-bf16-dflash8,repne-fork-may3-old,c4_ctx0,332.48,138.6,208.3,11.519,86.8,0.2228,0.0658
exp01-morning-bf16-dflash8,repne-fork-may3-old,c4_ctx128k,297.59,1585.1,2817.7,12.323,81.1,0.2477,0.1950
exp01-morning-bf16-dflash8,repne-fork-may3-old,c4_ctx128k,286.54,1424.8,2558.5,12.621,79.2,0.2377,0.1942
exp01-morning-bf16-dflash8,repne-fork-may3-old,c4_ctx128k,284.22,1541.4,2685.2,12.208,81.9,0.2361,0.1942
exp01-morning-bf16-dflash8,repne-fork-may3-old,c4_ctx128k,292.14,1572.0,2764.9,12.197,82.0,0.2604,0.1950
exp01-morning-bf16-dflash8,repne-fork-may3-old,c4_ctx128k,289.45,1552.5,2713.6,12.493,80.0,0.2701,0.1942
exp03-nvfp4-mtp3-upstream,upstream-v0.20.1,c1_ctx0,107.42,137.2,138.4,9.183,108.9,0.3953,0.0049
exp03-nvfp4-mtp3-upstream,upstream-v0.20.1,c1_ctx0,108.71,148.3,160.3,9.079,110.1,0.3953,0.0049
exp03-nvfp4-mtp3-upstream,upstream-v0.20.1,c1_ctx0,112.05,148.7,149.4,8.867,112.8,0.7907,0.0049
exp03-nvfp4-mtp3-upstream,upstream-v0.20.1,c1_ctx131072,55.35,18621.1,18621.1,8.802,113.6,0.5196,0.0325
exp03-nvfp4-mtp3-upstream,upstream-v0.20.1,c1_ctx131072,54.67,18661.6,18661.6,8.554,116.9,0.6222,0.0325
exp03-nvfp4-mtp3-upstream,upstream-v0.20.1,c1_ctx131072,55.37,18666.8,18666.8,9.377,106.6,1.0000,0.0325
exp03-nvfp4-mtp3-upstream,upstream-v0.20.1,c1_ctx250000,1.87,0.0,0.0,0.000,0,0.0000,0.0579
exp03-nvfp4-mtp3-upstream,upstream-v0.20.1,c1_ctx250000,1.32,0.0,0.0,0.000,0,0.0000,0.0000
exp03-nvfp4-mtp3-upstream,upstream-v0.20.1,c1_ctx250000,1.07,0.0,0.0,0.000,0,0.0000,0.0579
exp03-nvfp4-mtp3-upstream,upstream-v0.20.1,c1_ctx32000,103.85,2954.8,2956.9,8.709,114.8,0.6032,0.0115
exp03-nvfp4-mtp3-upstream,upstream-v0.20.1,c1_ctx32000,102.18,2961.2,2962.4,8.656,115.5,0.4651,0.0115
exp03-nvfp4-mtp3-upstream,upstream-v0.20.1,c1_ctx32000,97.58,2952.6,2953.4,9.094,110.0,0.5794,0.0115
exp03-nvfp4-mtp3-upstream,upstream-v0.20.1,c2_ctx0,205.85,284.7,498.6,9.479,105.5,0.5159,0.0098
exp03-nvfp4-mtp3-upstream,upstream-v0.20.1,c2_ctx0,209.24,167.3,196.4,9.357,106.9,0.5516,0.0098
exp03-nvfp4-mtp3-upstream,upstream-v0.20.1,c2_ctx0,205.23,210.1,304.9,9.588,104.3,0.3821,0.0098
exp03-nvfp4-mtp3-upstream,upstream-v0.20.1,c2_ctx131072,106.72,28595.4,37758.0,14.817,67.5,0.5000,0.0656
exp03-nvfp4-mtp3-upstream,upstream-v0.20.1,c2_ctx131072,105.12,28623.4,37782.3,15.213,65.7,0.4958,0.0656
exp03-nvfp4-mtp3-upstream,upstream-v0.20.1,c2_ctx131072,105.06,28815.8,38123.8,15.113,66.2,0.4365,0.0656
exp03-nvfp4-mtp3-upstream,upstream-v0.20.1,c2_ctx250000,0.03,0.0,0.0,0.000,0,0.0000,0.0314
exp03-nvfp4-mtp3-upstream,upstream-v0.20.1,c2_ctx250000,0.03,0.0,0.0,0.000,0,0.0000,0.0276
exp03-nvfp4-mtp3-upstream,upstream-v0.20.1,c2_ctx250000,0.03,0.0,0.0,0.000,0,0.0000,0.0293
exp03-nvfp4-mtp3-upstream,upstream-v0.20.1,c2_ctx32000,180.41,3812.4,5881.0,10.287,97.2,0.6750,0.0230
exp03-nvfp4-mtp3-upstream,upstream-v0.20.1,c2_ctx32000,175.54,3804.7,5863.7,10.655,93.9,0.4756,0.0230
exp03-nvfp4-mtp3-upstream,upstream-v0.20.1,c2_ctx32000,179.41,3804.5,5861.1,10.332,96.8,0.6429,0.0230
exp03-nvfp4-mtp3-upstream,upstream-v0.20.1,c4_ctx0,406.43,244.8,425.4,9.609,104.1,0.5528,0.0195
exp03-nvfp4-mtp3-upstream,upstream-v0.20.1,c4_ctx0,416.23,252.1,322.0,9.368,106.7,0.5000,0.0195
exp03-nvfp4-mtp3-upstream,upstream-v0.20.1,c4_ctx0,427.17,227.8,296.4,9.187,108.8,0.5528,0.0195
exp03-nvfp4-mtp3-upstream,upstream-v0.20.1,c4_ctx131072,6.90,39160.8,57889.1,328.844,3.0,0.4444,0.0325
exp03-nvfp4-mtp3-upstream,upstream-v0.20.1,c4_ctx131072,7.40,38566.9,57318.2,311.604,3.2,0.4444,0.0325
exp03-nvfp4-mtp3-upstream,upstream-v0.20.1,c4_ctx131072,6.74,38887.4,57630.7,322.533,3.1,0.3333,0.0325
exp03-nvfp4-mtp3-upstream,upstream-v0.20.1,c4_ctx32000,272.92,6076.9,11629.4,80.069,12.5,1.0000,0.0112
exp03-nvfp4-mtp3-upstream,upstream-v0.20.1,c4_ctx32000,282.28,5634.3,11646.8,20.080,49.8,0.5556,0.0112
exp03-nvfp4-mtp3-upstream,upstream-v0.20.1,c4_ctx32000,275.94,6065.9,11639.3,36.587,27.3,0.8333,0.0447
exp06-newimage-fp8mtp3,repne-fork-may5-evening,c1_ctx0,114.30,65.1,68.9,7.795,128.3,0.7519,0.0054
exp06-newimage-fp8mtp3,repne-fork-may5-evening,c1_ctx0,119.88,69.8,82.8,7.843,127.5,0.7101,0.0054
exp06-newimage-fp8mtp3,repne-fork-may5-evening,c1_ctx0,117.00,55.3,57.5,8.186,122.2,0.6296,0.0054
exp06-newimage-fp8mtp3,repne-fork-may5-evening,c1_ctx131072,95.65,776.3,783.9,9.955,100.5,0.5833,0.0725
exp06-newimage-fp8mtp3,repne-fork-may5-evening,c1_ctx131072,97.10,788.1,796.8,9.828,101.7,0.4474,0.0725
exp06-newimage-fp8mtp3,repne-fork-may5-evening,c1_ctx131072,92.30,782.1,801.4,10.364,96.5,0.6126,0.0725
exp06-newimage-fp8mtp3,repne-fork-may5-evening,c1_ctx32000,118.62,290.7,292.7,7.021,142.4,0.6667,0.0215
exp06-newimage-fp8mtp3,repne-fork-may5-evening,c1_ctx32000,124.07,290.3,292.5,7.608,131.4,0.6667,0.0215
exp06-newimage-fp8mtp3,repne-fork-may5-evening,c1_ctx32000,114.81,289.4,289.5,8.543,117.1,0.4203,0.0224
exp06-newimage-fp8mtp3,repne-fork-may5-evening,c2_ctx0,226.00,141.7,246.8,8.679,115.2,0.5904,0.0116
exp06-newimage-fp8mtp3,repne-fork-may5-evening,c2_ctx0,229.88,120.1,153.3,8.098,123.5,0.6414,0.0116
exp06-newimage-fp8mtp3,repne-fork-may5-evening,c2_ctx0,225.64,101.0,124.6,8.752,114.3,0.4643,0.0116
exp06-newimage-fp8mtp3,repne-fork-may5-evening,c2_ctx131072,184.07,947.7,1210.9,10.489,95.3,0.4167,0.0791
exp06-newimage-fp8mtp3,repne-fork-may5-evening,c2_ctx131072,185.77,1082.2,1498.2,10.412,96.0,0.5324,0.0791
exp06-newimage-fp8mtp3,repne-fork-may5-evening,c2_ctx131072,184.79,1093.6,1538.4,10.461,95.6,0.4769,0.0791
exp06-newimage-fp8mtp3,repne-fork-may5-evening,c2_ctx32000,224.94,424.9,579.8,8.738,114.4,0.5417,0.0290
exp06-newimage-fp8mtp3,repne-fork-may5-evening,c2_ctx32000,223.28,404.0,571.9,8.805,113.6,0.4259,0.0290
exp06-newimage-fp8mtp3,repne-fork-may5-evening,c2_ctx32000,232.77,384.9,574.9,7.727,129.4,0.5539,0.0282
exp06-newimage-fp8mtp3,repne-fork-may5-evening,c4_ctx0,451.25,115.9,135.4,8.484,117.9,0.5660,0.0232
exp06-newimage-fp8mtp3,repne-fork-may5-evening,c4_ctx0,444.63,124.2,205.4,8.871,112.7,0.5889,0.0248
exp06-newimage-fp8mtp3,repne-fork-may5-evening,c4_ctx0,453.45,114.4,129.7,8.414,118.9,0.6480,0.0240
exp06-newimage-fp8mtp3,repne-fork-may5-evening,c4_ctx131072,352.98,1444.8,2518.3,10.851,92.2,0.5310,0.0919
exp06-newimage-fp8mtp3,repne-fork-may5-evening,c4_ctx131072,353.62,1931.7,3281.0,10.809,92.5,0.5786,0.0915
exp06-newimage-fp8mtp3,repne-fork-may5-evening,c4_ctx131072,344.77,1638.3,2633.0,11.091,90.2,0.5190,0.0940
exp06-newimage-fp8mtp3,repne-fork-may5-evening,c4_ctx32000,457.71,676.5,1093.8,8.588,116.4,0.5519,0.0422
exp06-newimage-fp8mtp3,repne-fork-may5-evening,c4_ctx32000,451.08,642.7,1096.5,8.706,114.9,0.5720,0.0422
exp06-newimage-fp8mtp3,repne-fork-may5-evening,c4_ctx32000,454.64,652.6,1123.7,8.667,115.4,0.5174,0.0422
exp06-newimage-dflash15,repne-fork-may5-evening,c1_ctx0,88.34,59.6,60.2,10.751,93.0,0.1232,0.0290
exp06-newimage-dflash15,repne-fork-may5-evening,c1_ctx0,93.70,60.5,63.0,10.370,96.4,0.1293,0.0290
exp06-newimage-dflash15,repne-fork-may5-evening,c1_ctx0,82.10,71.0,80.2,11.064,90.4,0.1375,0.0290
exp06-newimage-dflash15,repne-fork-may5-evening,c1_ctx131072,85.70,789.1,790.9,11.050,90.5,0.1075,0.1581
exp06-newimage-dflash15,repne-fork-may5-evening,c1_ctx131072,91.62,794.6,806.9,10.391,96.2,0.1333,0.1564
exp06-newimage-dflash15,repne-fork-may5-evening,c1_ctx131072,85.59,801.5,812.4,10.737,93.1,0.2000,0.1564
exp06-newimage-dflash15,repne-fork-may5-evening,c1_ctx32000,95.80,310.9,319.1,10.296,97.1,0.0792,0.0607
exp06-newimage-dflash15,repne-fork-may5-evening,c1_ctx32000,96.04,303.6,303.6,10.088,99.1,0.1000,0.0607
exp06-newimage-dflash15,repne-fork-may5-evening,c1_ctx32000,93.16,302.9,302.9,10.275,97.3,0.0946,0.0624
exp06-newimage-dflash15,repne-fork-may5-evening,c2_ctx0,160.86,206.8,437.4,11.298,88.5,0.1533,0.0581
exp06-newimage-dflash15,repne-fork-may5-evening,c2_ctx0,156.81,120.1,140.2,11.880,84.2,0.0933,0.0581
exp06-newimage-dflash15,repne-fork-may5-evening,c2_ctx0,178.61,127.9,166.5,11.129,89.9,0.1333,0.0581
exp06-newimage-dflash15,repne-fork-may5-evening,c2_ctx131072,157.42,1118.3,1533.1,11.913,83.9,0.1136,0.1854
exp06-newimage-dflash15,repne-fork-may5-evening,c2_ctx131072,145.08,1153.2,1584.1,12.406,80.6,0.1457,0.1854
exp06-newimage-dflash15,repne-fork-may5-evening,c2_ctx131072,147.44,1139.2,1584.9,12.344,81.0,0.1060,0.1854
exp06-newimage-dflash15,repne-fork-may5-evening,c2_ctx32000,167.78,433.9,623.5,11.205,89.2,0.0967,0.0897
exp06-newimage-dflash15,repne-fork-may5-evening,c2_ctx32000,169.08,430.0,612.0,11.123,89.9,0.1264,0.0897
exp06-newimage-dflash15,repne-fork-may5-evening,c2_ctx32000,162.99,433.4,622.1,11.305,88.5,0.0922,0.0897
exp06-newimage-dflash15,repne-fork-may5-evening,c4_ctx0,308.43,146.6,222.3,11.997,83.4,0.1524,0.1153
exp06-newimage-dflash15,repne-fork-may5-evening,c4_ctx0,317.06,145.0,217.8,12.020,83.2,0.1475,0.1153
exp06-newimage-dflash15,repne-fork-may5-evening,c4_ctx0,314.62,146.8,174.0,12.130,82.4,0.1160,0.1153
exp06-newimage-dflash15,repne-fork-may5-evening,c4_ctx131072,256.08,2038.9,2815.1,14.519,68.9,0.1251,0.1546
exp06-newimage-dflash15,repne-fork-may5-evening,c4_ctx131072,237.14,2506.8,3236.5,14.715,68.0,0.1136,0.0000
exp06-newimage-dflash15,repne-fork-may5-evening,c4_ctx131072,252.90,1689.9,2688.1,14.113,70.9,0.1083,0.2486
exp06-newimage-dflash15,repne-fork-may5-evening,c4_ctx32000,297.00,711.3,1192.8,12.527,79.8,0.1253,0.1529
exp06-newimage-dflash15,repne-fork-may5-evening,c4_ctx32000,278.87,699.0,1138.1,12.666,79.0,0.1346,0.1504
exp06-newimage-dflash15,repne-fork-may5-evening,c4_ctx32000,299.95,700.8,1175.1,12.582,79.5,0.1315,0.1487
exp06-newimage-dflash8,repne-fork-may5-evening,c1_ctx0,95.75,70.3,79.6,10.548,94.8,0.0846,0.0165
exp06-newimage-dflash8,repne-fork-may5-evening,c1_ctx0,89.55,59.1,61.3,10.983,91.0,0.1397,0.0165
exp06-newimage-dflash8,repne-fork-may5-evening,c1_ctx0,91.30,59.2,61.1,10.518,95.1,0.1434,0.0165
exp06-newimage-dflash8,repne-fork-may5-evening,c1_ctx131072,80.73,757.5,764.2,11.242,89.0,0.2419,0.1432
exp06-newimage-dflash8,repne-fork-may5-evening,c1_ctx131072,89.17,751.0,758.3,10.806,92.5,0.2742,0.1432
exp06-newimage-dflash8,repne-fork-may5-evening,c1_ctx131072,89.33,746.6,748.8,10.678,93.7,0.2419,0.1440
exp06-newimage-dflash8,repne-fork-may5-evening,c1_ctx32000,89.16,339.9,341.2,10.712,93.4,0.1875,0.0477
exp06-newimage-dflash8,repne-fork-may5-evening,c1_ctx32000,99.94,338.0,339.4,9.865,101.4,0.1667,0.0477
exp06-newimage-dflash8,repne-fork-may5-evening,c1_ctx32000,96.51,342.9,345.1,10.105,99.0,0.2311,0.0477
exp06-newimage-dflash8,repne-fork-may5-evening,c2_ctx0,179.55,471.5,1230.6,11.025,90.7,0.1836,0.0329
exp06-newimage-dflash8,repne-fork-may5-evening,c2_ctx0,183.00,114.9,132.9,10.682,93.6,0.2480,0.0329
exp06-newimage-dflash8,repne-fork-may5-evening,c2_ctx0,179.64,115.7,137.9,10.944,91.4,0.1816,0.0329
exp06-newimage-dflash8,repne-fork-may5-evening,c2_ctx131072,168.23,918.3,1222.9,11.226,89.1,0.1983,0.1604
exp06-newimage-dflash8,repne-fork-may5-evening,c2_ctx131072,162.47,1141.6,1466.6,11.595,86.2,0.1767,0.1604
exp06-newimage-dflash8,repne-fork-may5-evening,c2_ctx131072,156.24,1083.5,1474.1,11.588,86.3,0.2651,0.1604
exp06-newimage-dflash8,repne-fork-may5-evening,c2_ctx32000,175.07,475.4,688.9,10.907,91.7,0.1953,0.0658
exp06-newimage-dflash8,repne-fork-may5-evening,c2_ctx32000,173.91,483.4,702.5,11.175,89.5,0.1973,0.0658
exp06-newimage-dflash8,repne-fork-may5-evening,c2_ctx32000,176.86,479.5,681.9,10.673,93.7,0.3887,0.0658
exp06-newimage-dflash8,repne-fork-may5-evening,c4_ctx0,328.88,183.7,307.2,11.630,86.0,0.2661,0.0658
exp06-newimage-dflash8,repne-fork-may5-evening,c4_ctx0,339.84,153.5,184.9,11.119,89.9,0.2469,0.0658
exp06-newimage-dflash8,repne-fork-may5-evening,c4_ctx0,335.10,131.0,142.3,11.592,86.3,0.2359,0.0658
exp06-newimage-dflash8,repne-fork-may5-evening,c4_ctx131072,285.61,1483.0,2591.6,12.634,79.2,0.2407,0.1950
exp06-newimage-dflash8,repne-fork-may5-evening,c4_ctx131072,278.26,1739.0,2695.3,12.892,77.6,0.1920,0.1966
exp06-newimage-dflash8,repne-fork-may5-evening,c4_ctx131072,289.42,1550.5,2648.3,12.568,79.6,0.2442,0.1950
exp06-newimage-dflash8,repne-fork-may5-evening,c4_ctx32000,322.96,761.7,1303.1,11.693,85.5,0.2646,0.0996
exp06-newimage-dflash8,repne-fork-may5-evening,c4_ctx32000,358.12,779.1,1314.6,10.886,91.9,0.2510,0.1020
exp06-newimage-dflash8,repne-fork-may5-evening,c4_ctx32000,327.10,754.2,1291.3,11.692,85.5,0.2167,0.0987
exp06-newimage-dflash7,repne-fork-may5-evening,c1_ctx0,87.88,72.0,78.8,10.825,92.4,0.1597,0.0148
exp06-newimage-dflash7,repne-fork-may5-evening,c1_ctx0,96.62,69.6,78.6,10.178,98.3,0.1218,0.0148
exp06-newimage-dflash7,repne-fork-may5-evening,c1_ctx0,94.35,60.0,62.2,10.034,99.7,0.3102,0.0148
exp06-newimage-dflash7,repne-fork-may5-evening,c1_ctx131072,84.03,751.7,764.7,11.298,88.5,0.2028,0.1415
exp06-newimage-dflash7,repne-fork-may5-evening,c1_ctx131072,84.47,743.2,744.4,11.229,89.1,0.2143,0.1415
exp06-newimage-dflash7,repne-fork-may5-evening,c1_ctx131072,82.82,726.9,731.4,11.282,88.6,0.1607,0.1415
exp06-newimage-dflash7,repne-fork-may5-evening,c1_ctx32000,89.67,344.5,349.6,10.481,95.4,0.2468,0.0461
exp06-newimage-dflash7,repne-fork-may5-evening,c1_ctx32000,99.66,339.2,339.8,9.813,101.9,0.3420,0.0461
exp06-newimage-dflash7,repne-fork-may5-evening,c1_ctx32000,95.14,344.5,350.5,10.245,97.6,0.1765,0.0461
exp06-newimage-dflash7,repne-fork-may5-evening,c2_ctx0,175.84,204.2,412.7,10.964,91.2,0.1883,0.0296
exp06-newimage-dflash7,repne-fork-may5-evening,c2_ctx0,181.26,123.1,151.0,10.703,93.4,0.1840,0.0296
exp06-newimage-dflash7,repne-fork-may5-evening,c2_ctx0,183.47,122.7,164.9,10.704,93.4,0.1954,0.0296
exp06-newimage-dflash7,repne-fork-may5-evening,c2_ctx131072,158.99,1062.0,1471.6,11.553,86.6,0.2881,0.1571
exp06-newimage-dflash7,repne-fork-may5-evening,c2_ctx131072,165.43,1065.2,1493.7,11.106,90.0,0.3238,0.1571
exp06-newimage-dflash7,repne-fork-may5-evening,c2_ctx131072,169.95,1048.9,1456.2,11.037,90.6,0.3157,0.1571
exp06-newimage-dflash7,repne-fork-may5-evening,c2_ctx32000,187.22,470.4,681.6,10.415,96.0,0.2366,0.0625
exp06-newimage-dflash7,repne-fork-may5-evening,c2_ctx32000,179.33,469.4,679.7,10.817,92.4,0.2078,0.0625
exp06-newimage-dflash7,repne-fork-may5-evening,c2_ctx32000,187.71,467.3,677.9,10.263,97.4,0.3728,0.0625
exp06-newimage-dflash7,repne-fork-may5-evening,c4_ctx0,339.64,124.7,151.9,11.403,87.7,0.2028,0.0592
exp06-newimage-dflash7,repne-fork-may5-evening,c4_ctx0,350.36,135.9,177.5,11.032,90.6,0.2546,0.0592
exp06-newimage-dflash7,repne-fork-may5-evening,c4_ctx0,344.68,152.6,185.8,11.137,89.8,0.2131,0.0592
exp06-newimage-dflash7,repne-fork-may5-evening,c4_ctx131072,288.69,1984.6,3052.2,12.438,80.4,0.2258,0.1884
exp06-newimage-dflash7,repne-fork-may5-evening,c4_ctx131072,306.80,1785.1,2947.2,12.268,81.5,0.2781,0.1884
exp06-newimage-dflash7,repne-fork-may5-evening,c4_ctx131072,303.43,1508.2,2627.3,12.364,80.9,0.2566,0.1884
exp06-newimage-dflash7,repne-fork-may5-evening,c4_ctx32000,330.37,756.6,1290.7,11.465,87.2,0.3155,0.0946
exp06-newimage-dflash7,repne-fork-may5-evening,c4_ctx32000,336.73,763.8,1311.9,11.255,88.9,0.2702,0.0930
exp06-newimage-dflash7,repne-fork-may5-evening,c4_ctx32000,328.29,756.4,1293.1,11.492,87.0,0.3202,0.0971
exp07-phaseC-mtp2,repne-fork-may5-evening,c1_ctx0,104.43,61.5,66.2,9.527,105.0,0.5957,0.0050
exp07-phaseC-mtp2,repne-fork-may5-evening,c1_ctx0,107.35,55.5,56.7,9.283,107.7,0.7234,0.0050
exp07-phaseC-mtp2,repne-fork-may5-evening,c4_ctx0,416.04,160.0,262.1,9.530,104.9,0.6549,0.0199
exp07-phaseC-mtp2,repne-fork-may5-evening,c4_ctx0,406.27,117.7,186.1,9.700,103.1,0.5516,0.0199
exp07-phaseC-mtp2,repne-fork-may5-evening,c4_ctx131072,321.62,1707.4,3027.2,11.953,83.7,0.6447,0.0857
exp07-phaseC-mtp2,repne-fork-may5-evening,c4_ctx131072,317.96,2224.2,3316.2,11.863,84.3,0.7432,0.0857
exp07-phaseC-mtp4,repne-fork-may5-evening,c1_ctx0,117.13,59.6,62.0,7.695,130.0,0.5976,0.0068
exp07-phaseC-mtp4,repne-fork-may5-evening,c1_ctx0,115.78,63.0,72.4,7.492,133.5,0.6098,0.0068
exp07-phaseC-mtp4,repne-fork-may5-evening,c4_ctx0,351.11,1394.4,6645.5,9.893,101.1,0.4404,0.0287
exp07-phaseC-mtp4,repne-fork-may5-evening,c4_ctx0,459.48,124.5,197.4,7.872,127.0,0.5086,0.0279
exp07-phaseC-mtp4,repne-fork-may5-evening,c4_ctx131072,343.21,1864.0,3137.0,11.120,89.9,0.4141,0.0964
exp07-phaseC-mtp4,repne-fork-may5-evening,c4_ctx131072,336.37,1553.3,2745.0,11.310,88.4,0.4766,0.0964
exp07-phaseC-mtp5,repne-fork-may5-evening,c1_ctx0,124.97,59.0,62.3,7.785,128.4,0.3463,0.0080
exp07-phaseC-mtp5,repne-fork-may5-evening,c1_ctx0,124.89,70.5,73.6,7.837,127.6,0.4000,0.0080
exp07-phaseC-mtp5,repne-fork-may5-evening,c4_ctx0,461.13,301.7,876.6,8.127,123.1,0.3701,0.0330
exp07-phaseC-mtp5,repne-fork-may5-evening,c4_ctx0,483.21,116.5,137.4,7.778,128.6,0.4379,0.0321
exp07-phaseC-mtp5,repne-fork-may5-evening,c4_ctx131072,348.92,1401.5,2603.6,10.861,92.1,0.3629,0.1014
exp07-phaseC-mtp5,repne-fork-may5-evening,c4_ctx131072,345.75,1392.7,2486.7,11.058,90.4,0.3516,0.1014
exp07-phaseC-mtp6,repne-fork-may5-evening,c1_ctx0,115.82,70.4,75.7,7.086,141.1,0.4781,0.0093
exp07-phaseC-mtp6,repne-fork-may5-evening,c1_ctx0,115.38,72.2,76.7,7.306,136.9,0.5702,0.0093
exp07-phaseC-mtp6,repne-fork-may5-evening,c4_ctx0,479.74,216.1,418.3,8.006,124.9,0.3219,0.0380
exp07-phaseC-mtp6,repne-fork-may5-evening,c4_ctx0,447.12,135.5,219.0,8.241,121.3,0.3714,0.0397
exp07-phaseC-mtp6,repne-fork-may5-evening,c4_ctx131072,326.07,1568.1,2760.5,11.439,87.4,0.4540,0.1065
exp07-phaseC-mtp6,repne-fork-may5-evening,c4_ctx131072,333.06,1571.3,2750.8,11.283,88.6,0.3966,0.1065
exp07-phaseC-mtp5-fullmatrix,repne-fork-may5-evening,c1_ctx0,124.29,70.3,74.9,7.772,128.7,0.4780,0.0080
exp07-phaseC-mtp5-fullmatrix,repne-fork-may5-evening,c1_ctx0,119.76,59.2,61.2,8.029,124.6,0.2619,0.0080
exp07-phaseC-mtp5-fullmatrix,repne-fork-may5-evening,c1_ctx0,115.67,72.8,78.6,7.247,138.0,0.5333,0.0080
exp07-phaseC-mtp5-fullmatrix,repne-fork-may5-evening,c1_ctx131072,100.82,770.4,787.8,9.383,106.6,0.4294,0.0752
exp07-phaseC-mtp5-fullmatrix,repne-fork-may5-evening,c1_ctx131072,100.72,762.2,766.1,9.572,104.5,0.4529,0.0752
exp07-phaseC-mtp5-fullmatrix,repne-fork-may5-evening,c1_ctx131072,102.07,787.9,800.2,9.507,105.2,0.2909,0.0752
exp07-phaseC-mtp5-fullmatrix,repne-fork-may5-evening,c1_ctx32000,125.04,326.5,329.8,7.432,134.6,0.4600,0.0241
exp07-phaseC-mtp5-fullmatrix,repne-fork-may5-evening,c1_ctx32000,117.20,317.9,318.9,8.412,118.9,0.4300,0.0253
exp07-phaseC-mtp5-fullmatrix,repne-fork-may5-evening,c1_ctx32000,112.03,319.9,322.1,8.601,116.3,0.3250,0.0253
exp07-phaseC-mtp5-fullmatrix,repne-fork-may5-evening,c2_ctx0,235.84,227.0,720.6,7.575,132.0,0.5680,0.0161
exp07-phaseC-mtp5-fullmatrix,repne-fork-may5-evening,c2_ctx0,227.77,116.3,144.8,7.905,126.5,0.5093,0.0169
exp07-phaseC-mtp5-fullmatrix,repne-fork-may5-evening,c2_ctx0,239.48,115.9,155.5,7.807,128.1,0.4263,0.0161
exp07-phaseC-mtp5-fullmatrix,repne-fork-may5-evening,c2_ctx131072,187.27,1104.2,1467.0,10.202,98.0,0.3576,0.0845
exp07-phaseC-mtp5-fullmatrix,repne-fork-may5-evening,c2_ctx131072,196.19,1061.8,1474.7,9.743,102.6,0.3697,0.0845
exp07-phaseC-mtp5-fullmatrix,repne-fork-may5-evening,c2_ctx131072,188.88,1023.9,1408.6,10.238,97.7,0.3212,0.0845
exp07-phaseC-mtp5-fullmatrix,repne-fork-may5-evening,c2_ctx32000,229.00,433.3,629.7,8.532,117.2,0.3275,0.0249
exp07-phaseC-mtp5-fullmatrix,repne-fork-may5-evening,c2_ctx32000,235.54,428.0,628.9,7.205,138.8,0.3655,0.0338
exp07-phaseC-mtp5-fullmatrix,repne-fork-may5-evening,c2_ctx32000,229.21,440.5,629.4,8.596,116.3,0.3525,0.0346
exp07-phaseC-mtp5-fullmatrix,repne-fork-may5-evening,c4_ctx0,466.07,143.2,258.8,7.926,126.2,0.4483,0.0330
exp07-phaseC-mtp5-fullmatrix,repne-fork-may5-evening,c4_ctx0,455.26,134.7,181.8,7.831,127.7,0.4964,0.0330
exp07-phaseC-mtp5-fullmatrix,repne-fork-may5-evening,c4_ctx0,466.12,138.7,215.4,8.077,123.8,0.3796,0.0330
exp07-phaseC-mtp5-fullmatrix,repne-fork-may5-evening,c4_ctx131072,346.31,1485.4,2612.8,10.962,91.2,0.3833,0.1014
exp07-phaseC-mtp5-fullmatrix,repne-fork-may5-evening,c4_ctx131072,344.36,1535.6,2612.6,10.967,91.2,0.4000,0.1014
exp07-phaseC-mtp5-fullmatrix,repne-fork-may5-evening,c4_ctx131072,350.04,1937.5,3155.4,10.910,91.7,0.3274,0.1014
exp07-phaseC-mtp5-fullmatrix,repne-fork-may5-evening,c4_ctx32000,449.44,733.2,1261.2,8.724,114.6,0.4368,0.0532
exp07-phaseC-mtp5-fullmatrix,repne-fork-may5-evening,c4_ctx32000,430.29,732.4,1264.9,9.069,110.3,0.3118,0.0528
exp07-phaseC-mtp5-fullmatrix,repne-fork-may5-evening,c4_ctx32000,455.28,738.0,1279.6,8.612,116.1,0.4013,0.0528
exp07-phaseC-mtp5-seqs64,repne-fork-may5-evening,c1_ctx0,116.82,68.7,72.9,7.823,127.8,0.4571,0.0080
exp07-phaseC-mtp5-seqs64,repne-fork-may5-evening,c1_ctx0,114.98,57.8,60.2,7.460,134.0,0.5846,0.0080
exp07-phaseC-mtp5-seqs64,repne-fork-may5-evening,c4_ctx0,480.20,118.1,137.7,7.745,129.1,0.3869,0.0321
exp07-phaseC-mtp5-seqs64,repne-fork-may5-evening,c4_ctx0,459.25,126.5,199.5,7.726,129.4,0.4626,0.0080
exp07-phaseC-mtp5-seqs64,repne-fork-may5-evening,c4_ctx131072,337.23,1388.6,2448.1,11.299,88.5,0.4161,0.1014
exp07-phaseC-mtp5-seqs64,repne-fork-may5-evening,c4_ctx131072,352.36,1831.0,3044.2,10.758,93.0,0.3581,0.1014
exp07-phaseD-nvfp4-repne,repne-fork-may5-evening,c1_ctx0,38.97,160.7,160.7,25.394,39.4,0.0588,0.0046
exp07-phaseD-nvfp4-repne,repne-fork-may5-evening,c1_ctx0,67.78,140.6,141.2,14.897,67.1,0.2941,0.0046
exp07-phaseD-nvfp4-repne,repne-fork-may5-evening,c1_ctx0,48.32,154.2,154.2,20.772,48.1,0.1275,0.0049
exp07-phaseD-nvfp4-repne,repne-fork-may5-evening,c1_ctx131072,46.58,18658.6,18658.6,21.646,46.2,0.2095,0.0329
exp07-phaseD-nvfp4-repne,repne-fork-may5-evening,c1_ctx131072,54.66,18662.6,18662.6,18.597,53.8,0.2059,0.0329
exp07-phaseD-nvfp4-repne,repne-fork-may5-evening,c1_ctx131072,51.56,18647.7,18647.7,19.539,51.2,0.1714,0.0329
exp07-phaseD-nvfp4-repne,repne-fork-may5-evening,c1_ctx32000,48.53,2949.7,2949.7,17.664,56.6,0.0000,0.0116
exp07-phaseD-nvfp4-repne,repne-fork-may5-evening,c1_ctx32000,55.90,2942.7,2942.7,17.937,55.8,0.2190,0.0116
exp07-phaseD-nvfp4-repne,repne-fork-may5-evening,c1_ctx32000,48.24,2948.8,2948.8,21.054,47.5,0.2451,0.0116
exp07-phaseD-nvfp4-repne,repne-fork-may5-evening,c2_ctx0,105.89,545.2,1320.2,21.925,45.6,0.1127,0.0049
exp07-phaseD-nvfp4-repne,repne-fork-may5-evening,c2_ctx0,97.95,174.9,238.1,23.804,42.0,0.1394,0.0091
exp07-phaseD-nvfp4-repne,repne-fork-may5-evening,c2_ctx0,77.01,219.4,294.9,25.725,38.9,0.0303,0.0091
exp07-phaseD-nvfp4-repne,repne-fork-may5-evening,c2_ctx131072,42.92,28597.0,37757.3,35.931,27.8,0.0960,0.0651
exp07-phaseD-nvfp4-repne,repne-fork-may5-evening,c2_ctx131072,41.79,28627.4,37797.9,36.962,27.1,0.1364,0.0651
exp07-phaseD-nvfp4-repne,repne-fork-may5-evening,c2_ctx131072,43.41,28653.5,37825.2,35.465,28.2,0.0539,0.0651
exp07-phaseD-nvfp4-repne,repne-fork-may5-evening,c2_ctx32000,76.04,4535.2,5916.9,27.412,36.5,0.0238,0.0231
exp07-phaseD-nvfp4-repne,repne-fork-may5-evening,c2_ctx32000,75.98,4515.4,5901.1,25.262,39.6,0.0048,0.0000
exp07-phaseD-nvfp4-repne,repne-fork-may5-evening,c2_ctx32000,92.71,4514.4,5896.8,23.225,43.1,0.0931,0.0231
exp07-phaseD-nvfp4-repne,repne-fork-may5-evening,c4_ctx0,175.61,313.4,403.9,24.493,40.8,0.0588,0.0182
exp07-phaseD-nvfp4-repne,repne-fork-may5-evening,c4_ctx0,170.80,254.9,304.2,24.678,40.5,0.0784,0.0182
exp07-phaseD-nvfp4-repne,repne-fork-may5-evening,c4_ctx0,181.10,355.2,438.6,23.741,42.1,0.1667,0.0182
exp07-phaseD-nvfp4-repne,repne-fork-may5-evening,c4_ctx131072,2.38,39091.0,57835.8,1058.032,0.9,0.2222,0.0326
exp07-phaseD-nvfp4-repne,repne-fork-may5-evening,c4_ctx131072,2.31,38532.0,57315.4,1061.203,0.9,0.0000,0.0326
exp07-phaseD-nvfp4-repne,repne-fork-may5-evening,c4_ctx131072,2.28,38167.4,56962.4,1080.358,0.9,0.1111,0.0326
exp07-phaseD-nvfp4-repne,repne-fork-may5-evening,c4_ctx32000,143.81,7692.3,11877.0,31.203,32.0,0.0343,0.0462
exp07-phaseD-nvfp4-repne,repne-fork-may5-evening,c4_ctx32000,162.29,7497.9,11680.8,28.374,35.2,0.0735,0.0116
exp07-phaseD-nvfp4-repne,repne-fork-may5-evening,c4_ctx32000,168.87,7684.9,11868.1,27.849,35.9,0.0976,0.0462
exp08-X1-fp8mtp5,repne-fork-may5-evening,c16_ctx0,1325.75,208.5,306.6,11.700,85.5,0.3513,0.1352
exp08-X1-fp8mtp5,repne-fork-may5-evening,c16_ctx0,1333.67,224.6,322.6,11.667,85.7,0.3453,0.1352
exp08-X1-fp8mtp5,repne-fork-may5-evening,c16_ctx32000,1085.76,2973.4,4459.0,14.400,69.4,0.5550,0.1584
exp08-X1-fp8mtp5,repne-fork-may5-evening,c16_ctx32000,1091.30,2824.3,4410.0,14.635,68.3,0.4646,0.1576
exp08-X1-fp8mtp5,repne-fork-may5-evening,c16_ctx64000,972.07,5939.2,6146.2,16.092,62.1,0.4062,0.1808
exp08-X1-fp8mtp5,repne-fork-may5-evening,c16_ctx64000,954.50,6014.6,6219.1,16.385,61.0,0.3925,0.1808
exp08-X1-fp8mtp5,repne-fork-may5-evening,c32_ctx0,1723.95,410.1,476.2,17.837,56.1,0.3981,0.2822
exp08-X1-fp8mtp5,repne-fork-may5-evening,c32_ctx0,1729.07,382.2,447.0,17.276,57.9,0.4101,0.2797
exp08-X1-fp8mtp5,repne-fork-may5-evening,c32_ctx16000,1543.41,3196.2,3267.7,20.116,49.7,0.3732,0.3050
exp08-X1-fp8mtp5,repne-fork-may5-evening,c32_ctx16000,1579.08,3174.4,3245.2,19.666,50.8,0.3588,0.3050
exp08-X1-fp8mtp5,repne-fork-may5-evening,c32_ctx32000,1407.32,5775.9,5892.7,21.896,45.7,0.3725,0.3131
exp08-X1-fp8mtp5,repne-fork-may5-evening,c32_ctx32000,1417.95,5103.7,5201.4,21.758,46.0,0.3842,0.3131
exp08-X1-fp8mtp5,repne-fork-may5-evening,c8_ctx0,874.96,157.7,273.8,8.690,115.1,0.4259,0.0701
exp08-X1-fp8mtp5,repne-fork-may5-evening,c8_ctx0,856.69,150.7,201.0,8.933,111.9,0.3563,0.0701
exp08-X1-fp8mtp5,repne-fork-may5-evening,c8_ctx131072,535.45,3384.5,5761.9,14.000,71.4,0.5387,0.1369
exp08-X1-fp8mtp5,repne-fork-may5-evening,c8_ctx131072,529.65,3367.4,6066.5,14.585,68.6,0.4976,0.1343
exp08-X1-fp8mtp5,repne-fork-may5-evening,c8_ctx32000,779.32,1444.0,2602.3,9.964,100.4,0.3436,0.0896
exp08-X1-fp8mtp5,repne-fork-may5-evening,c8_ctx32000,779.29,1240.5,2276.4,9.930,100.7,0.3485,0.0900
exp08-X1-fp8mtp3,repne-fork-may5-evening,c16_ctx0,1518.84,224.0,331.8,10.374,96.4,0.4918,0.0928
exp08-X1-fp8mtp3,repne-fork-may5-evening,c16_ctx0,1522.44,198.1,300.1,10.363,96.5,0.5164,0.0928
exp08-X1-fp8mtp3,repne-fork-may5-evening,c16_ctx32000,1180.66,2459.8,4600.6,14.195,70.4,0.6185,0.1085
exp08-X1-fp8mtp3,repne-fork-may5-evening,c16_ctx32000,1191.33,2416.9,4602.9,14.092,71.0,0.5783,0.1085
exp08-X1-fp8mtp3,repne-fork-may5-evening,c16_ctx64000,1050.47,6704.1,7359.4,14.197,70.4,0.5296,0.0435
exp08-X1-fp8mtp3,repne-fork-may5-evening,c16_ctx64000,1043.66,6501.9,6734.4,14.804,67.5,0.5687,0.0551
exp08-X1-fp8mtp3,repne-fork-may5-evening,c32_ctx0,2074.83,313.4,457.3,14.914,67.1,0.5353,0.1723
exp08-X1-fp8mtp3,repne-fork-may5-evening,c32_ctx0,2092.65,327.4,500.2,14.884,67.2,0.5147,0.1723
exp08-X1-fp8mtp3,repne-fork-may5-evening,c32_ctx16000,1895.16,6877.0,8406.3,17.396,57.5,0.4972,0.2323
exp08-X1-fp8mtp3,repne-fork-may5-evening,c32_ctx16000,1889.41,6883.6,8409.6,17.417,57.4,0.5398,0.2327
exp08-X1-fp8mtp3,repne-fork-may5-evening,c32_ctx32000,1665.93,8283.9,8539.0,18.902,52.9,0.5115,0.2277
exp08-X1-fp8mtp3,repne-fork-may5-evening,c32_ctx32000,1646.68,8180.2,8447.5,19.128,52.3,0.5385,0.2277
exp08-X1-fp8mtp3,repne-fork-may5-evening,c8_ctx0,866.83,147.5,240.0,8.827,113.3,0.5241,0.0489
exp08-X1-fp8mtp3,repne-fork-may5-evening,c8_ctx0,883.11,167.2,261.5,8.933,111.9,0.5368,0.0497
exp08-X1-fp8mtp3,repne-fork-may5-evening,c8_ctx131072,539.68,4025.7,6664.5,19.277,51.9,0.6333,0.0716
exp08-X1-fp8mtp3,repne-fork-may5-evening,c8_ctx131072,529.22,3832.4,6695.0,16.059,62.3,0.7253,0.1130
exp08-X1-fp8mtp3,repne-fork-may5-evening,c8_ctx32000,794.80,1315.0,2329.7,9.780,102.2,0.5271,0.0667
exp08-X1-fp8mtp3,repne-fork-may5-evening,c8_ctx32000,796.07,1258.7,2326.3,9.784,102.2,0.5052,0.0667
exp08-X1-fp8nospec,repne-fork-may5-evening,c16_ctx0,1127.09,179.1,236.0,14.019,71.3,0.0000,0.0247
exp08-X1-fp8nospec,repne-fork-may5-evening,c16_ctx0,1126.29,210.5,255.8,14.010,71.4,0.0000,0.0247
exp08-X1-fp8nospec,repne-fork-may5-evening,c16_ctx32000,983.56,1817.1,1856.6,16.178,61.8,0.0000,0.0524
exp08-X1-fp8nospec,repne-fork-may5-evening,c16_ctx32000,983.32,1821.3,1904.1,16.198,61.7,0.0000,0.0524
exp08-X1-fp8nospec,repne-fork-may5-evening,c16_ctx64000,861.90,3751.6,3819.9,18.360,54.5,0.0000,0.0678
exp08-X1-fp8nospec,repne-fork-may5-evening,c16_ctx64000,862.12,3758.4,3829.9,18.350,54.5,0.0000,0.0678
exp08-X1-fp8nospec,repne-fork-may5-evening,c32_ctx0,1875.93,345.7,369.8,16.453,60.8,0.0000,0.0493
exp08-X1-fp8nospec,repne-fork-may5-evening,c32_ctx0,1875.01,340.3,408.1,17.130,58.4,0.0000,0.0493
exp08-X1-fp8nospec,repne-fork-may5-evening,c32_ctx16000,1710.48,2268.6,2312.4,18.580,53.8,0.0000,0.0000
exp08-X1-fp8nospec,repne-fork-may5-evening,c32_ctx16000,1707.83,2330.6,2372.7,18.626,53.7,0.0000,0.0000
exp08-X1-fp8nospec,repne-fork-may5-evening,c32_ctx32000,1513.11,3839.9,3897.3,20.898,47.9,0.0000,0.0000
exp08-X1-fp8nospec,repne-fork-may5-evening,c32_ctx32000,1515.42,3846.9,3905.5,20.876,47.9,0.0000,0.0000
exp08-X1-fp8nospec,repne-fork-may5-evening,c8_ctx0,573.45,119.4,147.2,13.848,72.2,0.0000,0.0123
exp08-X1-fp8nospec,repne-fork-may5-evening,c8_ctx0,573.71,121.0,153.3,13.849,72.2,0.0000,0.0123
exp08-X1-fp8nospec,repne-fork-may5-evening,c8_ctx131072,430.87,3788.5,3867.5,18.379,54.4,0.0000,0.0817
exp08-X1-fp8nospec,repne-fork-may5-evening,c8_ctx131072,431.07,3778.4,3858.7,18.361,54.5,0.0000,0.0817
exp08-X1-fp8nospec,repne-fork-may5-evening,c8_ctx32000,521.47,832.9,1007.4,14.912,67.1,0.0000,0.0277
exp08-X1-fp8nospec,repne-fork-may5-evening,c8_ctx32000,520.46,846.6,970.0,14.844,67.4,0.0000,0.0277
exp09-bf16-dflash,harness-upstream,c1_ctx0,85.127,65.433,73.442,11.331,88.355,0.1618,0.0163
exp09-bf16-dflash,harness-v0.4.8,c1_ctx0,83.153,64.112,73.961,11.597,86.422,0.2045,0.0156
exp09-bf16-dflash,harness-upstream,c1_ctx32768,84.408,231.839,236.11,11.407,88.374,0.2188,0.0459
exp09-bf16-dflash,harness-v0.4.8,c1_ctx32768,94.27,228.793,231.732,10.466,95.893,0.1641,0.0467
exp09-bf16-dflash,harness-upstream,c8_ctx0,586.378,149.039,199.011,13.09,77.088,0.2564,0.1229
exp09-bf16-dflash,harness-v0.4.8,c8_ctx0,591.379,177.87,296.362,13.12,76.753,0.2308,0.1214
exp09-bf16-dflash,harness-upstream,c8_ctx32768,551.324,634.417,1482.61,13.558,75.082,0.2605,0.1533
exp09-bf16-dflash,harness-v0.4.8,c8_ctx32768,559.0,640.236,1443.136,13.195,80.297,0.2393,0.1533
exp09-bf16-dflash,harness-v0.4.8,c1_ctx0,91.144,70.855,75.422,10.816,92.78,0.1856,0.0163
exp09-bf16-dflash,harness-v0.4.8,c1_ctx16384,87.371,141.969,143.992,11.171,89.749,0.178,0.0311
exp09-bf16-dflash,harness-v0.4.8,c1_ctx32768,91.169,232.69,234.109,10.714,93.428,0.4091,0.0467
exp09-bf16-dflash,harness-v0.4.8,c1_ctx65536,86.412,288.839,291.485,11.372,88.098,0.25,0.0762
exp09-bf16-dflash,harness-v0.4.8,c1_ctx134144,83.688,512.601,521.489,11.385,88.821,0.4234,0.1385
exp09-bf16-dflash,harness-v0.4.8,c2_ctx0,176.854,124.965,146.469,11.153,89.688,0.1934,0.0327
exp09-bf16-dflash,harness-v0.4.8,c2_ctx16384,173.855,211.172,275.946,11.355,88.192,0.1976,0.0475
exp09-bf16-dflash,harness-v0.4.8,c2_ctx32768,172.708,301.414,416.857,11.455,87.5,0.1855,0.0622
exp09-bf16-dflash,harness-v0.4.8,c2_ctx65536,159.16,408.764,532.634,12.098,82.947,0.2218,0.091
exp09-bf16-dflash,harness-v0.4.8,c2_ctx134144,158.977,703.631,967.139,12.089,83.003,0.2198,0.154
exp09-bf16-dflash,harness-v0.4.8,c4_ctx0,323.72,134.403,147.667,12.096,82.988,0.1938,0.0622
exp09-bf16-dflash,harness-v0.4.8,c4_ctx16384,323.786,272.025,500.31,12.015,83.592,0.2083,0.0778
exp09-bf16-dflash,harness-v0.4.8,c4_ctx32768,335.32,460.971,823.97,11.687,86.034,0.2263,0.0949
exp09-bf16-dflash,harness-v0.4.8,c4_ctx65536,328.707,567.932,1069.128,11.833,84.771,0.1756,0.1229
exp09-bf16-dflash,harness-v0.4.8,c4_ctx134144,280.331,1007.674,1891.007,13.004,78.131,0.2581,0.1828
exp09-bf16-dflash,harness-v0.4.8,c8_ctx0,577.32,159.438,189.441,13.319,75.543,0.2656,0.1221
exp09-bf16-dflash,harness-v0.4.8,c8_ctx16384,561.031,388.715,860.598,13.417,75.516,0.2625,0.1393
exp09-bf16-dflash,harness-v0.4.8,c8_ctx32768,548.966,679.19,1434.184,13.376,77.744,0.2842,0.1533
exp09-bf16-dflash,harness-v0.4.8,c8_ctx65536,535.131,922.668,2006.167,13.585,77.805,0.2,0.1805
exp09-bf16-dflash,harness-v0.4.8,c8_ctx134144,469.554,2157.662,3669.495,16.507,60.79,0.2195,0.2536
exp09-bf16-dflash,harness-v0.4.8,c16_ctx0,871.567,226.316,311.939,17.976,55.813,0.2141,0.2552
exp09-bf16-dflash,harness-v0.4.8,c16_ctx16384,870.178,885.363,1579.63,17.94,55.875,0.1974,0.2762
exp09-bf16-dflash,harness-v0.4.8,c16_ctx32768,826.208,1440.978,2803.752,18.785,53.502,0.181,0.291
exp09-bf16-dflash,harness-v0.4.8,c16_ctx65536,752.559,2126.592,4119.302,20.212,49.801,0.2091,0.3089
exp09-bf16-dflash,harness-v0.4.8,c16_ctx134144,661.013,3399.478,7733.977,22.45,44.77,0.2373,0.3688
exp09-bf16-dflash,harness-v0.4.8,c32_ctx0,1125.263,351.738,444.971,25.466,40.684,0.2451,0.473
exp09-bf16-dflash,harness-v0.4.8,c32_ctx16384,1079.001,1983.533,3166.843,26.457,39.324,0.2966,0.5096
exp09-bf16-dflash,harness-v0.4.8,c32_ctx32768,1004.786,3784.525,5768.581,29.05,36.224,0.2563,0.0443
exp09-bf16-dflash,harness-v0.4.8,c32_ctx65536,915.74,6144.96,7945.018,31.725,34.143,0.2476,0.5757
exp09-bf16-dflash,harness-v0.4.8,c32_ctx134144,788.204,14480.839,16053.059,38.553,26.133,0.1819,0.6449
exp09-bf16-dflash,harness-v0.4.8,c1_ctx0,90.366,64.666,73.35,10.867,92.327,0.1818,0.0163
exp09-bf16-dflash,harness-v0.4.8,c1_ctx16384,93.012,143.807,147.499,10.615,94.344,0.2879,0.0311
exp09-bf16-dflash,harness-v0.4.8,c1_ctx32768,92.867,233.094,234.005,10.692,93.58,0.1914,0.0467
exp09-bf16-dflash,harness-v0.4.8,c1_ctx65536,89.589,297.861,315.431,10.979,91.145,0.2695,0.0762
exp09-bf16-dflash,harness-v0.4.8,c1_ctx134144,82.101,512.371,519.76,11.73,85.304,0.2258,0.1385
exp09-bf16-dflash,harness-v0.4.8,c2_ctx0,171.411,123.967,140.994,11.393,88.071,0.1699,0.0319
exp09-bf16-dflash,harness-v0.4.8,c2_ctx16384,171.148,208.01,275.424,11.522,86.872,0.1593,0.0475
exp09-bf16-dflash,harness-v0.4.8,c2_ctx32768,171.313,312.136,450.73,11.471,87.411,0.2177,0.0622
exp09-bf16-dflash,harness-v0.4.8,c2_ctx65536,170.222,423.947,543.314,11.405,88.108,0.25,0.0918
exp09-bf16-dflash,harness-v0.4.8,c2_ctx134144,168.092,709.103,971.448,11.635,85.982,0.2651,0.154
exp09-bf16-dflash,harness-v0.4.8,c4_ctx0,324.396,132.568,176.682,12.036,83.385,0.1906,0.063
exp09-bf16-dflash,harness-v0.4.8,c4_ctx16384,331.918,274.51,458.76,11.833,84.744,0.25,0.0786
exp09-bf16-dflash,harness-v0.4.8,c4_ctx32768,327.023,446.347,770.055,11.949,84.052,0.1606,0.0949
exp09-bf16-dflash,harness-v0.4.8,c4_ctx65536,313.895,587.07,1011.208,12.195,82.366,0.2221,0.1221
exp09-bf16-dflash,harness-v0.4.8,c4_ctx134144,296.005,924.843,1879.546,12.869,77.988,0.2674,0.1844
exp09-bf16-dflash,harness-v0.4.8,c8_ctx0,588.075,163.062,206.491,13.057,77.156,0.2622,0.1229
exp09-bf16-dflash,harness-v0.4.8,c8_ctx16384,565.255,389.806,861.908,13.135,78.627,0.2768,0.1377
exp09-bf16-dflash,harness-v0.4.8,c8_ctx32768,536.116,763.047,1530.508,13.653,76.303,0.2332,0.1564
exp09-bf16-dflash,harness-v0.4.8,c8_ctx65536,527.417,807.306,1900.388,13.971,72.791,0.2474,0.182
exp09-bf16-dflash,harness-v0.4.8,c8_ctx134144,464.667,1848.141,3523.566,16.626,60.343,0.1726,0.2536
exp09-bf16-dflash,harness-v0.4.8,c16_ctx0,892.582,212.902,306.868,17.636,56.935,0.2152,0.2575
exp09-bf16-dflash,harness-v0.4.8,c16_ctx16384,884.654,855.429,1514.893,17.636,56.885,0.2105,0.2762
exp09-bf16-dflash,harness-v0.4.8,c16_ctx32768,812.072,1638.825,3062.043,19.022,52.756,0.1632,0.2917
exp09-bf16-dflash,harness-v0.4.8,c16_ctx65536,773.664,2196.05,4189.478,19.847,50.639,0.2165,0.3096
exp09-bf16-dflash,harness-v0.4.8,c16_ctx134144,635.242,3864.964,7573.043,23.211,43.488,0.2412,0.3656
exp09-bf16-dflash,harness-v0.4.8,c32_ctx0,1114.556,348.874,444.898,25.49,41.538,0.2497,0.4746
exp09-bf16-dflash,harness-v0.4.8,c32_ctx16384,1089.538,1589.076,3089.125,25.948,41.178,0.2743,0.4956
exp09-bf16-dflash,harness-v0.4.8,c32_ctx32768,1021.146,3934.176,5853.034,28.59,36.277,0.2684,0.5524
exp09-bf16-dflash,harness-v0.4.8,c32_ctx65536,923.242,6645.843,8177.307,32.58,31.749,0.2222,0.5765
exp09-bf16-dflash,harness-v0.4.8,c32_ctx134144,779.977,11904.322,16391.365,37.153,27.699,0.2156,0.1377
exp09-bf16-dflash,harness-v0.4.8,c1_ctx0,89.755,69.811,73.823,10.933,91.927,0.3371,0.0163
exp09-bf16-dflash,harness-v0.4.8,c1_ctx16384,89.919,144.332,145.982,10.929,91.557,0.1136,0.0311
exp09-bf16-dflash,harness-v0.4.8,c1_ctx32768,88.692,229.367,230.581,11.105,90.082,0.1641,0.0459
exp09-bf16-dflash,harness-v0.4.8,c1_ctx65536,90.122,291.305,293.753,10.879,92.034,0.1411,0.0762
exp09-bf16-dflash,harness-v0.4.8,c1_ctx134144,80.997,506.97,519.858,11.773,85.344,0.2292,0.1385
exp09-bf16-dflash,harness-v0.4.8,c2_ctx0,164.5,123.766,140.182,11.81,85.175,0.1934,0.0311
exp09-bf16-dflash,harness-v0.4.8,c2_ctx16384,174.676,211.924,278.254,11.252,89.192,0.1914,0.0475
exp09-bf16-dflash,harness-v0.4.8,c2_ctx32768,168.24,303.209,426.383,11.679,85.691,0.1552,0.0622
exp09-bf16-dflash,harness-v0.4.8,c2_ctx65536,166.24,408.22,560.498,11.738,85.528,0.2042,0.0918
exp09-bf16-dflash,harness-v0.4.8,c2_ctx134144,159.404,699.616,955.084,12.129,82.732,0.1767,0.154
exp09-bf16-dflash,harness-v0.4.8,c4_ctx0,323.076,135.711,150.457,12.123,82.809,0.2147,0.0622
exp09-bf16-dflash,harness-v0.4.8,c4_ctx16384,338.466,274.755,462.789,11.684,85.898,0.2146,0.0794
exp09-bf16-dflash,harness-v0.4.8,c4_ctx32768,323.472,430.827,827.606,12.031,83.345,0.194,0.0949
exp09-bf16-dflash,harness-v0.4.8,c4_ctx65536,314.816,587.155,1002.855,12.251,81.872,0.1719,0.1221
exp09-bf16-dflash,harness-v0.4.8,c4_ctx134144,283.842,999.031,1898.474,13.262,75.882,0.2118,0.1852
exp09-bf16-dflash,harness-v0.4.8,c8_ctx0,572.291,152.643,186.306,13.352,75.402,0.2758,0.1221
exp09-bf16-dflash,harness-v0.4.8,c8_ctx16384,579.346,385.353,831.28,13.165,76.632,0.2764,0.1385
exp09-bf16-dflash,harness-v0.4.8,c8_ctx32768,541.335,708.998,1547.022,13.223,80.073,0.3299,0.154
exp09-bf16-dflash,harness-v0.4.8,c8_ctx65536,522.158,1007.495,2057.007,14.48,70.83,0.2188,0.0
exp09-bf16-dflash,harness-v0.4.8,c8_ctx134144,480.201,1943.874,3833.217,15.758,64.375,0.2443,0.2521
exp09-bf16-dflash,harness-v0.4.8,c16_ctx0,885.316,230.209,294.595,17.726,56.657,0.2418,0.2606
exp09-bf16-dflash,harness-v0.4.8,c16_ctx16384,838.506,909.248,1615.492,18.537,54.127,0.1816,0.2777
exp09-bf16-dflash,harness-v0.4.8,c16_ctx32768,835.81,1673.666,3065.021,18.503,54.303,0.2138,0.2902
exp09-bf16-dflash,harness-v0.4.8,c16_ctx65536,774.884,1836.461,4004.829,19.881,50.471,0.24,0.3096
exp09-bf16-dflash,harness-v0.4.8,c16_ctx134144,678.709,3356.879,7765.157,22.117,45.553,0.226,0.3742
exp09-bf16-dflash,harness-v0.4.8,c32_ctx0,1123.499,362.891,482.367,25.739,39.727,0.2371,0.473
exp09-bf16-dflash,harness-v0.4.8,c32_ctx16384,1107.631,1628.924,3135.303,26.586,38.994,0.2749,0.494
exp09-bf16-dflash,harness-v0.4.8,c32_ctx32768,1006.158,3707.804,5754.953,28.684,37.058,0.24,0.543
exp09-bf16-dflash,harness-v0.4.8,c32_ctx65536,938.002,4637.228,7663.997,31.104,33.139,0.2579,0.0895
exp09-bf16-dflash,harness-v0.4.8,c32_ctx134144,786.164,12234.607,15775.299,38.434,26.109,0.2365,0.1377
exp09-bf16-dflash,harness-v0.4.8,c1_ctx0,94.931,66.836,74.926,9.385,113.581,0.4435,0.0148
exp09-bf16-dflash,harness-v0.4.8,c1_ctx16384,87.067,142.881,147.065,11.348,88.125,0.0909,0.0311
exp09-bf16-dflash,harness-v0.4.8,c1_ctx32768,84.553,230.252,231.504,11.522,86.891,0.197,0.0459
exp09-bf16-dflash,harness-v0.4.8,c1_ctx65536,85.162,291.201,295.965,11.497,87.111,0.2227,0.0762
exp09-bf16-dflash,harness-v0.4.8,c1_ctx134144,84.179,501.199,502.639,11.557,86.535,0.2125,0.1385
exp09-bf16-dflash,harness-v0.4.8,c2_ctx0,169.842,123.233,142.237,11.557,86.637,0.2363,0.0319
exp09-bf16-dflash,harness-v0.4.8,c2_ctx16384,175.435,211.512,277.375,11.138,89.936,0.2344,0.0475
exp09-bf16-dflash,harness-v0.4.8,c2_ctx32768,164.051,311.498,450.328,11.825,84.842,0.2339,0.0622
exp09-bf16-dflash,harness-v0.4.8,c2_ctx65536,169.592,406.206,539.802,11.552,87.067,0.2167,0.0926
exp09-bf16-dflash,harness-v0.4.8,c2_ctx134144,165.103,677.299,918.772,11.789,84.938,0.2198,0.154
exp09-bf16-dflash,harness-v0.4.8,c4_ctx0,330.463,142.061,176.347,11.872,84.538,0.2198,0.063
exp09-bf16-dflash,harness-v0.4.8,c4_ctx16384,319.351,284.56,494.414,12.161,82.58,0.236,0.0794
exp09-bf16-dflash,harness-v0.4.8,c4_ctx32768,319.023,425.366,794.592,12.163,83.192,0.2231,0.0934
exp09-bf16-dflash,harness-v0.4.8,c4_ctx65536,316.118,620.107,1090.987,12.179,82.52,0.2672,0.1221
exp09-bf16-dflash,harness-v0.4.8,c4_ctx134144,295.926,1038.663,1988.4,12.75,78.936,0.2685,0.1844
exp09-bf16-dflash,harness-v0.4.8,c8_ctx0,578.573,175.86,263.141,13.354,75.207,0.2602,0.1206
exp09-bf16-dflash,harness-v0.4.8,c8_ctx16384,576.426,399.441,802.249,13.327,75.481,0.2444,0.1424
exp09-bf16-dflash,harness-v0.4.8,c8_ctx32768,532.145,666.619,1523.326,13.685,78.814,0.2402,0.1556
exp09-bf16-dflash,harness-v0.4.8,c8_ctx65536,538.622,925.153,2129.967,13.537,76.857,0.2996,0.1782
exp09-bf16-dflash,harness-v0.4.8,c8_ctx134144,467.175,1907.125,3779.188,16.175,62.839,0.2322,0.2521
exp09-bf16-dflash,harness-v0.4.8,c16_ctx0,878.049,228.324,288.734,17.937,55.954,0.1805,0.2567
exp09-bf16-dflash,harness-v0.4.8,c16_ctx16384,854.894,781.958,1614.239,18.295,54.824,0.1809,0.2754
exp09-bf16-dflash,harness-v0.4.8,c16_ctx32768,824.96,1588.02,3032.292,18.947,53.049,0.1949,0.2902
exp09-bf16-dflash,harness-v0.4.8,c16_ctx65536,764.181,2230.767,4157.263,20.077,50.052,0.1916,0.3089
exp09-bf16-dflash,harness-v0.4.8,c16_ctx134144,662.343,4616.264,8514.874,22.234,45.328,0.2927,0.3711
exp09-bf16-dflash,harness-v0.4.8,c32_ctx0,1129.251,352.257,448.104,25.693,40.202,0.2433,0.473
exp09-bf16-dflash,harness-v0.4.8,c32_ctx16384,1073.782,1355.371,2667.07,26.677,39.329,0.2968,0.5002
exp09-bf16-dflash,harness-v0.4.8,c32_ctx32768,1021.227,3503.306,5731.438,28.226,37.27,0.2993,0.5539
exp09-bf16-dflash,harness-v0.4.8,c32_ctx65536,946.364,6338.427,7939.392,31.949,32.385,0.216,0.0
exp09-bf16-dflash,harness-v0.4.8,c32_ctx134144,800.534,14807.232,16425.203,37.776,26.817,0.2114,0.6449
exp09-bf16-dflash,harness-v0.4.8,c1_ctx0,88.459,63.827,73.432,11.083,90.807,0.1875,0.0163
exp09-bf16-dflash,harness-v0.4.8,c1_ctx16384,88.874,143.167,145.962,10.972,91.155,0.1591,0.0311
exp09-bf16-dflash,harness-v0.4.8,c1_ctx32768,97.694,232.785,235.166,9.136,115.545,0.5991,0.0451
exp09-bf16-dflash,harness-v0.4.8,c1_ctx65536,91.258,291.848,294.427,10.672,94.168,0.3203,0.0762
exp09-bf16-dflash,harness-v0.4.8,c1_ctx134144,80.323,509.68,510.966,12.081,82.781,0.2292,0.1385
exp09-bf16-dflash,harness-v0.4.8,c2_ctx0,174.188,128.882,170.765,11.338,88.372,0.1621,0.0327
exp09-bf16-dflash,harness-v0.4.8,c2_ctx16384,179.5,212.007,278.321,10.961,91.44,0.1976,0.0475
exp09-bf16-dflash,harness-v0.4.8,c2_ctx32768,169.133,310.298,428.009,11.623,86.411,0.2077,0.0622
exp09-bf16-dflash,harness-v0.4.8,c2_ctx65536,164.435,410.139,564.159,11.815,84.762,0.1229,0.0918
exp09-bf16-dflash,harness-v0.4.8,c2_ctx134144,155.974,693.656,981.076,12.266,81.756,0.1401,0.154
exp09-bf16-dflash,harness-v0.4.8,c4_ctx0,327.377,125.841,140.368,12.006,83.629,0.1812,0.0622
exp09-bf16-dflash,harness-v0.4.8,c4_ctx16384,326.04,281.314,452.341,11.999,83.615,0.2375,0.0778
exp09-bf16-dflash,harness-v0.4.8,c4_ctx32768,315.855,398.783,756.611,12.261,82.149,0.2629,0.0949
exp09-bf16-dflash,harness-v0.4.8,c4_ctx65536,328.601,541.155,1025.923,11.648,95.137,0.2981,0.1214
exp09-bf16-dflash,harness-v0.4.8,c4_ctx134144,298.611,1012.145,1892.423,12.69,79.211,0.2465,0.1852
exp09-bf16-dflash,harness-v0.4.8,c8_ctx0,582.61,163.039,206.582,13.193,76.444,0.2639,0.1206
exp09-bf16-dflash,harness-v0.4.8,c8_ctx16384,558.518,409.884,886.686,13.446,75.498,0.2864,0.1361
exp09-bf16-dflash,harness-v0.4.8,c8_ctx32768,555.168,713.92,1554.352,13.612,74.162,0.225,0.0443
exp09-bf16-dflash,harness-v0.4.8,c8_ctx65536,523.145,970.653,2053.103,14.202,73.502,0.2212,0.0747
exp09-bf16-dflash,harness-v0.4.8,c8_ctx134144,477.249,2002.709,3919.136,16.169,62.16,0.2322,0.2521
exp09-bf16-dflash,harness-v0.4.8,c16_ctx0,893.137,244.684,331.265,17.618,56.915,0.2023,0.2598
exp09-bf16-dflash,harness-v0.4.8,c16_ctx16384,850.412,797.132,1586.777,18.346,54.765,0.207,0.277
exp09-bf16-dflash,harness-v0.4.8,c16_ctx32768,823.293,1675.903,3061.491,18.789,53.395,0.2636,0.291
exp09-bf16-dflash,harness-v0.4.8,c16_ctx65536,775.233,2228.438,4130.467,19.775,50.802,0.201,0.3089
exp09-bf16-dflash,harness-v0.4.8,c16_ctx134144,669.237,3296.077,7413.894,22.381,44.979,0.2642,0.3719
exp09-bf16-dflash,harness-v0.4.8,c32_ctx0,1122.092,369.165,489.932,25.785,39.985,0.2731,0.4746
exp09-bf16-dflash,harness-v0.4.8,c32_ctx16384,1076.073,1575.407,3083.159,26.08,40.736,0.3073,0.494
exp09-bf16-dflash,harness-v0.4.8,c32_ctx32768,1024.102,3656.674,5852.427,28.617,36.405,0.2473,0.0443
exp09-bf16-dflash,harness-v0.4.8,c32_ctx65536,924.418,6881.586,8192.567,32.46,31.62,0.213,0.0
exp09-bf16-dflash,harness-v0.4.8,c32_ctx134144,780.181,16876.396,17340.011,38.793,25.817,0.1888,0.6457
exp09-fp8-mtp3,harness-v0.4.8,c1_ctx0,100.644,61.572,67.602,9.884,101.191,0.6404,0.0051
exp09-fp8-mtp3,harness-upstream,c1_ctx0,96.335,62.643,68.84,9.884,101.819,0.6404,0.0051
exp09-fp8-mtp3,harness-v0.4.8,c1_ctx32768,96.924,287.161,290.146,9.741,103.218,0.7838,0.0209
exp09-fp8-mtp3,harness-upstream,c1_ctx32768,99.69,271.944,298.171,9.456,106.621,0.7105,0.0209
exp09-fp8-mtp3,harness-v0.4.8,c8_ctx0,763.813,149.295,477.689,10.034,100.552,0.6459,0.0411
exp09-fp8-mtp3,harness-upstream,c8_ctx0,759.961,132.181,178.522,9.966,101.381,0.6525,0.0411
exp09-fp8-mtp3,harness-v0.4.8,c8_ctx32768,733.598,794.23,1729.808,10.693,93.644,0.5191,0.066
exp09-fp8-mtp3,harness-upstream,c8_ctx32768,739.074,721.546,1790.467,10.662,93.955,0.545,0.066
exp09-fp8-mtp3,harness-v0.4.8,c1_ctx0,95.263,62.399,68.262,9.85,102.955,0.8286,0.0051
exp09-fp8-mtp3,harness-v0.4.8,c1_ctx16384,98.144,213.127,215.121,9.641,104.737,0.8468,0.013
exp09-fp8-mtp3,harness-v0.4.8,c1_ctx32768,96.209,286.333,286.93,9.798,102.7,0.8571,0.0209
exp09-fp8-mtp3,harness-v0.4.8,c1_ctx65536,94.163,443.076,457.842,10.356,96.576,0.5045,0.0379
exp09-fp8-mtp3,harness-v0.4.8,c1_ctx134144,84.124,752.061,754.355,11.512,86.873,0.4412,0.0707
exp09-fp8-mtp3,harness-v0.4.8,c2_ctx0,192.67,107.813,124.584,10.07,99.666,0.6491,0.0103
exp09-fp8-mtp3,harness-v0.4.8,c2_ctx16384,191.426,279.9,421.968,10.105,99.24,0.7049,0.0186
exp09-fp8-mtp3,harness-v0.4.8,c2_ctx32768,200.172,370.671,522.96,9.702,103.31,0.5225,0.0265
exp09-fp8-mtp3,harness-v0.4.8,c2_ctx65536,188.49,553.544,820.058,10.424,95.953,0.518,0.0367
exp09-fp8-mtp3,harness-v0.4.8,c2_ctx134144,169.424,969.227,1408.671,11.385,87.933,0.7059,0.077
exp09-fp8-mtp3,harness-v0.4.8,c4_ctx0,388.414,120.788,139.724,10.079,99.472,0.4955,0.0205
exp09-fp8-mtp3,harness-v0.4.8,c4_ctx16384,384.059,348.175,711.336,9.88,102.591,0.6461,0.0241
exp09-fp8-mtp3,harness-v0.4.8,c4_ctx32768,380.476,450.133,913.208,10.064,100.844,0.5132,0.0391
exp09-fp8-mtp3,harness-v0.4.8,c4_ctx65536,367.691,746.12,1550.986,10.676,93.821,0.5324,0.0565
exp09-fp8-mtp3,harness-v0.4.8,c4_ctx134144,320.382,1251.71,2541.363,11.963,83.799,0.5303,0.0897
exp09-fp8-mtp3,harness-v0.4.8,c8_ctx0,757.703,150.533,202.173,10.148,99.369,0.5634,0.0419
exp09-fp8-mtp3,harness-v0.4.8,c8_ctx16384,750.383,666.908,1588.061,10.449,95.983,0.5169,0.0573
exp09-fp8-mtp3,harness-v0.4.8,c8_ctx32768,716.211,888.873,2116.243,10.953,91.453,0.4538,0.066
exp09-fp8-mtp3,harness-v0.4.8,c8_ctx65536,684.472,1325.905,3201.617,11.382,88.138,0.556,0.0818
exp09-fp8-mtp3,harness-v0.4.8,c8_ctx134144,551.607,2119.963,4644.917,14.131,71.455,0.5444,0.1094
exp09-fp8-mtp3,harness-v0.4.8,c16_ctx0,1481.005,177.27,303.845,10.478,96.158,0.5489,0.0901
exp09-fp8-mtp3,harness-v0.4.8,c16_ctx16384,1381.615,1158.54,2988.972,11.354,88.285,0.5292,0.1039
exp09-fp8-mtp3,harness-v0.4.8,c16_ctx32768,1246.544,1061.283,2913.166,12.595,79.736,0.5299,0.1102
exp09-fp8-mtp3,harness-v0.4.8,c16_ctx65536,1017.02,3079.068,5936.823,15.447,64.904,0.5553,0.1339
exp09-fp8-mtp3,harness-v0.4.8,c16_ctx134144,711.735,6976.629,11209.592,20.845,48.133,0.5603,0.1592
exp09-fp8-mtp3,harness-v0.4.8,c32_ctx0,2137.356,247.795,423.537,14.619,68.771,0.5132,0.1644
exp09-fp8-mtp3,harness-v0.4.8,c32_ctx16384,1803.257,2524.677,5689.941,17.681,56.769,0.5539,0.2102
exp09-fp8-mtp3,harness-v0.4.8,c32_ctx32768,1584.628,2620.738,6057.967,20.069,50.053,0.5466,0.2051
exp09-fp8-mtp3,harness-v0.4.8,c32_ctx65536,1212.463,5330.624,11202.673,27.619,37.207,0.5827,0.209
exp09-fp8-mtp3,harness-v0.4.8,c32_ctx134144,930.377,19663.347,23506.52,33.429,30.11,0.5682,0.2663
exp09-fp8-mtp3,harness-v0.4.8,c1_ctx0,90.814,61.044,67.572,10.87,92.019,0.5238,0.0059
exp09-fp8-mtp3,harness-v0.4.8,c1_ctx16384,99.084,212.473,213.01,9.742,102.887,0.5877,0.013
exp09-fp8-mtp3,harness-v0.4.8,c1_ctx32768,97.717,266.143,267.362,9.582,105.256,0.7895,0.0209
exp09-fp8-mtp3,harness-v0.4.8,c1_ctx65536,93.365,442.077,442.27,10.525,95.109,0.5185,0.0375
exp09-fp8-mtp3,harness-v0.4.8,c1_ctx134144,85.388,760.62,762.417,11.327,88.332,0.4848,0.0707
exp09-fp8-mtp3,harness-v0.4.8,c2_ctx0,196.595,114.785,130.521,10.034,99.689,0.4414,0.0103
exp09-fp8-mtp3,harness-v0.4.8,c2_ctx16384,194.578,268.905,391.125,9.78,102.781,0.7934,0.0186
exp09-fp8-mtp3,harness-v0.4.8,c2_ctx32768,188.93,346.536,485.299,10.385,96.376,0.4009,0.0209
exp09-fp8-mtp3,harness-v0.4.8,c2_ctx65536,184.52,589.558,883.877,10.63,94.161,0.4954,0.0439
exp09-fp8-mtp3,harness-v0.4.8,c2_ctx134144,168.722,994.352,1427.659,11.425,87.569,0.4697,0.077
exp09-fp8-mtp3,harness-v0.4.8,c4_ctx0,391.526,131.799,198.104,9.916,101.088,0.4868,0.0205
exp09-fp8-mtp3,harness-v0.4.8,c4_ctx16384,386.558,353.517,715.1,9.925,102.073,0.598,0.0304
exp09-fp8-mtp3,harness-v0.4.8,c4_ctx32768,381.743,464.951,932.64,9.961,101.593,0.5942,0.0391
exp09-fp8-mtp3,harness-v0.4.8,c4_ctx65536,368.989,839.865,1614.8,10.593,94.49,0.5586,0.0565
exp09-fp8-mtp3,harness-v0.4.8,c4_ctx134144,326.137,1507.805,2840.091,11.776,85.02,0.4706,0.0885
exp09-fp8-mtp3,harness-v0.4.8,c8_ctx0,768.987,139.657,222.392,10.09,99.555,0.6541,0.0411
exp09-fp8-mtp3,harness-v0.4.8,c8_ctx16384,756.421,502.378,1231.337,10.437,95.946,0.6195,0.0518
exp09-fp8-mtp3,harness-v0.4.8,c8_ctx32768,743.647,911.456,2161.294,10.573,94.767,0.5158,0.066
exp09-fp8-mtp3,harness-v0.4.8,c8_ctx65536,686.425,1499.354,3174.862,11.245,89.169,0.469,0.081
exp09-fp8-mtp3,harness-v0.4.8,c8_ctx134144,550.901,2041.556,4946.985,13.943,72.072,0.5905,0.1114
exp09-fp8-mtp3,harness-v0.4.8,c16_ctx0,1489.174,177.526,313.954,10.4,96.808,0.57,0.0885
exp09-fp8-mtp3,harness-v0.4.8,c16_ctx16384,1356.158,1186.877,3073.682,11.622,86.313,0.5018,0.1023
exp09-fp8-mtp3,harness-v0.4.8,c16_ctx32768,1228.697,1166.253,3320.244,12.759,78.636,0.5352,0.1102
exp09-fp8-mtp3,harness-v0.4.8,c16_ctx65536,1004.24,2734.021,6368.155,15.547,65.143,0.573,0.1316
exp09-fp8-mtp3,harness-v0.4.8,c16_ctx134144,713.395,6109.72,10759.346,21.099,47.609,0.5351,0.1596
exp09-fp8-mtp3,harness-v0.4.8,c32_ctx0,2152.174,253.483,451.779,14.579,68.877,0.5292,0.1644
exp09-fp8-mtp3,harness-v0.4.8,c32_ctx16384,1793.244,2316.775,5338.039,17.737,56.561,0.5204,0.2094
exp09-fp8-mtp3,harness-v0.4.8,c32_ctx32768,1560.334,3418.675,7591.52,20.364,49.321,0.5161,0.2051
exp09-fp8-mtp3,harness-v0.4.8,c32_ctx65536,1203.162,5971.962,11672.018,27.207,37.526,0.5671,0.2153
exp09-fp8-mtp3,harness-v0.4.8,c32_ctx134144,919.765,18327.829,22928.097,33.748,29.812,0.5256,0.2659
exp09-fp8-mtp3,harness-v0.4.8,c1_ctx0,92.724,62.048,67.818,9.757,105.712,0.3423,0.0051
exp09-fp8-mtp3,harness-v0.4.8,c1_ctx16384,95.584,213.571,214.829,9.469,109.189,0.4667,0.013
exp09-fp8-mtp3,harness-v0.4.8,c1_ctx32768,99.571,264.687,265.502,9.822,101.932,0.4386,0.0209
exp09-fp8-mtp3,harness-v0.4.8,c1_ctx65536,93.358,462.679,500.249,10.488,95.556,0.5315,0.0375
exp09-fp8-mtp3,harness-v0.4.8,c1_ctx134144,84.588,774.437,778.817,11.435,87.487,0.6162,0.0707
exp09-fp8-mtp3,harness-v0.4.8,c2_ctx0,193.663,117.919,158.352,9.985,100.49,0.5631,0.0103
exp09-fp8-mtp3,harness-v0.4.8,c2_ctx16384,188.792,272.227,395.668,9.851,104.257,0.5315,0.0194
exp09-fp8-mtp3,harness-v0.4.8,c2_ctx32768,195.308,336.691,479.077,9.602,105.445,0.5538,0.0265
exp09-fp8-mtp3,harness-v0.4.8,c2_ctx65536,183.789,577.441,811.733,10.644,93.996,0.3874,0.0439
exp09-fp8-mtp3,harness-v0.4.8,c2_ctx134144,169.294,961.878,1429.251,11.476,87.163,0.5657,0.077
exp09-fp8-mtp3,harness-v0.4.8,c4_ctx0,384.425,125.21,163.487,9.979,100.98,0.6514,0.0205
exp09-fp8-mtp3,harness-v0.4.8,c4_ctx16384,384.607,366.348,734.261,9.83,102.996,0.7912,0.0304
exp09-fp8-mtp3,harness-v0.4.8,c4_ctx32768,373.839,458.029,889.77,10.521,99.763,0.4636,0.0391
exp09-fp8-mtp3,harness-v0.4.8,c4_ctx65536,358.465,777.763,1478.25,10.914,91.678,0.4468,0.0565
exp09-fp8-mtp3,harness-v0.4.8,c4_ctx134144,329.013,1460.275,2835.438,11.73,85.318,0.5703,0.0893
exp09-fp8-mtp3,harness-v0.4.8,c8_ctx0,758.445,145.704,243.107,10.131,99.64,0.6034,0.0419
exp09-fp8-mtp3,harness-v0.4.8,c8_ctx16384,756.586,640.549,1599.851,10.279,98.145,0.5509,0.0565
exp09-fp8-mtp3,harness-v0.4.8,c8_ctx32768,723.745,869.446,1984.731,10.807,92.725,0.5259,0.066
exp09-fp8-mtp3,harness-v0.4.8,c8_ctx65536,684.351,1128.798,2385.726,11.335,88.421,0.525,0.0814
exp09-fp8-mtp3,harness-v0.4.8,c8_ctx134144,547.051,2192.343,5392.852,13.979,72.843,0.6456,0.1094
exp09-fp8-mtp3,harness-v0.4.8,c16_ctx0,1481.523,176.165,297.901,10.611,94.982,0.556,0.0901
exp09-fp8-mtp3,harness-v0.4.8,c16_ctx16384,1387.09,1163.315,2986.582,11.311,88.702,0.5583,0.1047
exp09-fp8-mtp3,harness-v0.4.8,c16_ctx32768,1181.86,1431.138,3538.286,13.181,76.146,0.5299,0.1063
exp09-fp8-mtp3,harness-v0.4.8,c16_ctx65536,1006.682,3171.792,6277.661,15.476,64.827,0.5345,0.1272
exp09-fp8-mtp3,harness-v0.4.8,c16_ctx134144,704.855,6869.176,11685.769,21.251,47.259,0.6204,0.1592
exp09-fp8-mtp3,harness-v0.4.8,c32_ctx0,2145.802,252.281,424.813,14.599,68.741,0.5108,0.1644
exp09-fp8-mtp3,harness-v0.4.8,c32_ctx16384,1796.983,2564.583,5384.25,17.628,56.951,0.5389,0.2027
exp09-fp8-mtp3,harness-v0.4.8,c32_ctx32768,1600.382,3739.064,7163.664,19.747,50.832,0.5297,0.2051
exp09-fp8-mtp3,harness-v0.4.8,c32_ctx65536,1216.975,5289.852,11711.351,26.879,37.778,0.5339,0.2141
exp09-fp8-mtp3,harness-v0.4.8,c32_ctx134144,903.054,19873.044,22857.395,33.783,29.752,0.4867,0.2663
exp09-fp8-mtp3,harness-v0.4.8,c1_ctx0,95.779,67.137,69.605,10.063,99.938,0.7568,0.0051
exp09-fp8-mtp3,harness-v0.4.8,c1_ctx16384,98.781,217.402,223.389,9.75,102.857,0.5315,0.013
exp09-fp8-mtp3,harness-v0.4.8,c1_ctx32768,99.28,290.881,295.854,9.776,102.545,0.5526,0.0209
exp09-fp8-mtp3,harness-v0.4.8,c1_ctx65536,94.534,441.405,447.845,10.377,96.399,0.5315,0.0379
exp09-fp8-mtp3,harness-v0.4.8,c1_ctx134144,86.312,754.349,768.397,11.257,88.846,0.5455,0.0707
exp09-fp8-mtp3,harness-v0.4.8,c2_ctx0,195.036,106.73,121.103,9.98,100.541,0.5482,0.0103
exp09-fp8-mtp3,harness-v0.4.8,c2_ctx16384,196.841,271.882,394.581,9.789,102.514,0.7883,0.0186
exp09-fp8-mtp3,harness-v0.4.8,c2_ctx32768,190.31,351.358,489.61,9.746,106.055,0.5702,0.0265
exp09-fp8-mtp3,harness-v0.4.8,c2_ctx65536,187.346,560.279,828.022,10.417,96.072,0.4074,0.0431
exp09-fp8-mtp3,harness-v0.4.8,c2_ctx134144,169.019,974.964,1430.182,11.418,87.636,0.5196,0.077
exp09-fp8-mtp3,harness-v0.4.8,c4_ctx0,384.874,128.92,206.234,9.985,100.784,0.773,0.0205
exp09-fp8-mtp3,harness-v0.4.8,c4_ctx16384,382.313,377.716,774.635,10.005,100.957,0.5964,0.0312
exp09-fp8-mtp3,harness-v0.4.8,c4_ctx32768,378.549,456.975,921.14,10.4,96.267,0.6294,0.0399
exp09-fp8-mtp3,harness-v0.4.8,c4_ctx65536,366.58,785.969,1479.866,10.689,93.664,0.5,0.0565
exp09-fp8-mtp3,harness-v0.4.8,c4_ctx134144,325.113,1574.378,2797.845,11.763,85.082,0.5202,0.0905
exp09-fp8-mtp3,harness-v0.4.8,c8_ctx0,753.226,145.139,198.868,10.114,99.93,0.6858,0.0419
exp09-fp8-mtp3,harness-v0.4.8,c8_ctx16384,756.526,614.083,1540.304,10.299,97.728,0.551,0.0573
exp09-fp8-mtp3,harness-v0.4.8,c8_ctx32768,727.99,890.822,2100.714,10.796,92.731,0.5113,0.066
exp09-fp8-mtp3,harness-v0.4.8,c8_ctx65536,685.454,1275.882,3116.09,11.338,88.411,0.5833,0.081
exp09-fp8-mtp3,harness-v0.4.8,c8_ctx134144,551.241,2486.363,5845.696,14.167,71.381,0.602,0.1098
exp09-fp8-mtp3,harness-v0.4.8,c16_ctx0,1479.983,175.021,277.423,10.54,95.405,0.5441,0.0051
exp09-fp8-mtp3,harness-v0.4.8,c16_ctx16384,1372.506,1227.425,3140.716,11.445,87.647,0.519,0.1023
exp09-fp8-mtp3,harness-v0.4.8,c16_ctx32768,1223.553,1057.188,2999.4,12.83,78.231,0.6069,0.1102
exp09-fp8-mtp3,harness-v0.4.8,c16_ctx65536,995.808,2975.159,6112.005,15.584,65.015,0.5499,0.1331
exp09-fp8-mtp3,harness-v0.4.8,c16_ctx134144,713.243,5227.317,11276.249,21.794,46.053,0.5285,0.1596
exp09-fp8-mtp3,harness-v0.4.8,c32_ctx0,2144.482,254.293,434.721,14.584,68.831,0.5131,0.1644
exp09-fp8-mtp3,harness-v0.4.8,c32_ctx16384,1798.322,2216.048,5124.367,17.739,56.579,0.5095,0.209
exp09-fp8-mtp3,harness-v0.4.8,c32_ctx32768,1579.305,2887.91,6536.362,20.078,49.999,0.5156,0.2058
exp09-fp8-mtp3,harness-v0.4.8,c32_ctx65536,1234.972,5288.361,11533.343,26.95,37.924,0.5723,0.2102
exp09-fp8-mtp3,harness-v0.4.8,c32_ctx134144,912.305,19617.29,22568.545,33.639,29.882,0.5928,0.2663
exp09-fp8-mtp3,harness-v0.4.8,c1_ctx0,94.995,62.405,68.261,9.814,103.757,0.8056,0.0051
exp09-fp8-mtp3,harness-v0.4.8,c1_ctx16384,99.316,190.804,191.832,9.881,101.217,0.4825,0.013
exp09-fp8-mtp3,harness-v0.4.8,c1_ctx32768,98.915,267.001,269.881,9.701,103.352,0.5495,0.0209
exp09-fp8-mtp3,harness-v0.4.8,c1_ctx65536,94.666,444.021,452.561,10.278,97.512,0.5766,0.0367
exp09-fp8-mtp3,harness-v0.4.8,c1_ctx134144,84.513,746.771,756.662,11.421,87.597,0.5686,0.0707
exp09-fp8-mtp3,harness-v0.4.8,c2_ctx0,195.754,114.765,130.563,9.975,100.551,0.64,0.0103
exp09-fp8-mtp3,harness-v0.4.8,c2_ctx16384,195.519,279.684,398.867,9.594,105.396,0.8721,0.0186
exp09-fp8-mtp3,harness-v0.4.8,c2_ctx32768,195.154,362.854,521.977,9.607,105.731,0.6548,0.0265
exp09-fp8-mtp3,harness-v0.4.8,c2_ctx65536,185.158,556.605,802.122,10.559,94.763,0.5139,0.0443
exp09-fp8-mtp3,harness-v0.4.8,c2_ctx134144,168.288,991.364,1390.29,11.439,87.469,0.4118,0.077
exp09-fp8-mtp3,harness-v0.4.8,c4_ctx0,388.21,127.38,163.422,9.989,100.495,0.6501,0.0205
exp09-fp8-mtp3,harness-v0.4.8,c4_ctx16384,387.716,335.409,683.888,9.89,102.09,0.75,0.013
exp09-fp8-mtp3,harness-v0.4.8,c4_ctx32768,387.357,469.301,934.881,10.026,100.025,0.5338,0.0391
exp09-fp8-mtp3,harness-v0.4.8,c4_ctx65536,361.392,821.159,1487.157,10.792,92.788,0.5509,0.0565
exp09-fp8-mtp3,harness-v0.4.8,c4_ctx134144,321.846,1292.212,2596.812,11.966,83.76,0.5,0.0901
exp09-fp8-mtp3,harness-v0.4.8,c8_ctx0,766.528,139.391,205.218,10.074,99.875,0.698,0.0411
exp09-fp8-mtp3,harness-v0.4.8,c8_ctx16384,759.326,612.256,1574.127,10.338,97.034,0.589,0.0573
exp09-fp8-mtp3,harness-v0.4.8,c8_ctx32768,736.984,858.738,1775.116,10.631,94.187,0.5248,0.0209
exp09-fp8-mtp3,harness-v0.4.8,c8_ctx65536,686.999,1174.682,2823.448,11.343,88.319,0.5417,0.0818
exp09-fp8-mtp3,harness-v0.4.8,c8_ctx134144,541.936,1988.294,5107.264,14.317,71.098,0.7672,0.109
exp09-fp8-mtp3,harness-v0.4.8,c16_ctx0,1490.627,165.552,265.578,10.463,96.006,0.5793,0.0885
exp09-fp8-mtp3,harness-v0.4.8,c16_ctx16384,1360.022,1058.24,3028.5,11.58,86.565,0.5637,0.1023
exp09-fp8-mtp3,harness-v0.4.8,c16_ctx32768,1230.874,1359.81,3576.044,12.726,78.861,0.5901,0.1102
exp09-fp8-mtp3,harness-v0.4.8,c16_ctx65536,1008.072,3486.077,6601.492,15.616,64.247,0.52,0.1324
exp09-fp8-mtp3,harness-v0.4.8,c16_ctx134144,715.38,5103.731,10837.239,21.842,46.041,0.5949,0.1596
exp09-fp8-mtp3,harness-v0.4.8,c32_ctx0,2151.045,259.096,426.771,14.526,69.068,0.5367,0.1644
exp09-fp8-mtp3,harness-v0.4.8,c32_ctx16384,1810.609,2588.105,5993.706,17.709,56.671,0.5154,0.2074
exp09-fp8-mtp3,harness-v0.4.8,c32_ctx32768,1538.018,4304.591,8321.703,20.246,49.715,0.5501,0.2051
exp09-fp8-mtp3,harness-v0.4.8,c32_ctx65536,1221.018,5152.654,11594.611,26.859,37.846,0.5534,0.2149
exp09-fp8-mtp3,harness-v0.4.8,c32_ctx134144,892.709,20868.533,23928.488,33.49,30.037,0.5161,0.2663
exp13-v17-decode-matrix,repne-v17,c1_ctx0,86.51,75.2,75.7,10.912,91.8,0.1856,0.0183
exp13-v17-decode-matrix,repne-v17,c1_ctx16384,92.01,149.5,150.9,10.395,96.4,0.1970,0.0356
exp13-v17-decode-matrix,repne-v17,c1_ctx32768,93.38,230.2,230.4,10.639,94.1,0.1780,0.0539
exp13-v17-decode-matrix,repne-v17,c1_ctx65536,91.86,284.8,286.0,10.665,93.8,0.2461,0.0886
exp13-v17-decode-matrix,repne-v17,c1_ctx131072,83.62,548.4,564.7,11.105,90.7,0.2903,0.1590
exp13-v17-decode-matrix,repne-v17,c2_ctx0,172.19,683.8,2053.8,11.316,89.5,0.2598,0.0365
exp13-v17-decode-matrix,repne-v17,c4_ctx0,320.74,162.4,225.2,11.965,83.7,0.2333,0.0731
exp13-v17-decode-matrix,repne-v17,c8_ctx0,574.84,167.0,203.2,12.923,78.1,0.2847,0.1425
exp13-v17-decode-matrix,repne-v17,c16_ctx0,865.56,366.6,456.1,16.734,63.9,0.2522,0.0347
exp13-v17-decode-matrix,repne-v17,c32_ctx0,1138.11,447.1,463.3,27.026,37.1,0.1752,0.5847
exp13-v17-decode-matrix,repne-v17,c64_ctx0,1059.39,9206.0,89826.2,47.312,24.2,0.2457,0.2083
exp13-v17-decode-matrix,repne-v17,c128_ctx0,1067.67,14056.7,90015.6,46.526,24.6,0.2378,0.3124
exp13-v17-decode-matrix,repne-v17,c2_ctx16384,179.80,214.5,273.5,10.835,92.4,0.2157,0.0539
exp13-v17-decode-matrix,repne-v17,c4_ctx16384,337.23,308.4,455.6,11.473,87.4,0.2274,0.0904
exp13-v17-decode-matrix,repne-v17,c8_ctx16384,573.32,407.9,757.4,12.888,78.3,0.2188,0.1626
exp13-v17-decode-matrix,repne-v17,c16_ctx16384,859.59,1314.7,1628.3,17.726,57.7,0.2513,0.3225
exp13-v17-decode-matrix,repne-v17,c32_ctx16384,1110.17,2078.1,2618.9,27.709,36.2,0.2077,0.6167
exp13-v17-decode-matrix,repne-v17,c2_ctx32768,176.24,362.6,451.9,10.782,93.6,0.3206,0.0722
exp13-v17-decode-matrix,repne-v17,c4_ctx32768,312.97,520.2,759.5,11.918,85.0,0.2371,0.1078
exp13-v17-decode-matrix,repne-v17,c8_ctx32768,538.36,866.5,1413.7,13.459,75.5,0.2369,0.0521
exp13-v17-decode-matrix,repne-v17,c16_ctx32768,841.88,2023.2,2490.8,18.593,53.9,0.1854,0.3536
exp13-v17-decode-matrix,repne-v17,c2_ctx65536,160.94,459.2,558.1,11.476,88.1,0.3044,0.1069
exp13-v17-decode-matrix,repne-v17,c4_ctx65536,309.88,632.3,942.9,11.951,84.5,0.3384,0.1434
exp13-v17-decode-matrix,repne-v17,c8_ctx65536,534.03,905.3,1819.6,13.279,79.2,0.2168,0.2092
exp13-v17-decode-matrix,repne-v17,c2_ctx131072,160.71,760.5,980.4,12.208,82.3,0.3011,0.1772
exp13-v17-decode-matrix,repne-v17,c4_ctx131072,258.93,1489.2,2278.5,13.053,80.7,0.2199,0.2138
exp14-v17-tp1-decode-matrix,repne-v17,c1_ctx0,67.11,155.7,204.8,13.845,73.0,0.2102,0.1041
exp14-v17-tp1-decode-matrix,repne-v17,c1_ctx16384,54.51,201.7,201.7,17.537,57.0,0.1534,0.2191
exp14-v17-tp1-decode-matrix,repne-v17,c1_ctx32768,57.01,314.4,314.4,16.938,59.0,0.2938,0.3286
exp14-v17-tp1-decode-matrix,repne-v17,c1_ctx65536,48.97,342.6,342.6,18.788,53.2,0.1062,0.5367
exp14-v17-tp1-decode-matrix,repne-v17,c1_ctx131072,60.82,680.2,680.2,16.192,61.8,0.0938,0.7820
exp14-v17-tp1-decode-matrix,repne-v17,c2_ctx0,115.50,1910.5,1910.5,16.874,59.3,0.1667,0.2300
exp14-v17-tp1-decode-matrix,repne-v17,c4_ctx0,215.24,1057.2,1070.6,17.974,55.7,0.1844,0.4600
exp14-v17-tp1-decode-matrix,repne-v17,c8_ctx0,396.71,297.7,306.0,19.572,51.1,0.1875,0.9200
exp14-v17-tp1-decode-matrix,repne-v17,c16_ctx0,406.62,24235.1,46099.7,19.625,52.9,0.2442,0.7284
exp14-v17-tp1-decode-matrix,repne-v17,c32_ctx0,396.82,41784.4,89359.4,19.596,52.8,0.2383,0.5203
exp14-v17-tp1-decode-matrix,repne-v17,c64_ctx0,385.05,39894.1,88694.1,19.998,51.5,0.2230,0.1041
exp14-v17-tp1-decode-matrix,repne-v17,c2_ctx16384,111.17,318.4,342.9,17.258,58.1,0.1875,0.3341
exp14-v17-tp1-decode-matrix,repne-v17,c4_ctx16384,224.84,502.4,578.7,15.470,72.2,0.1781,0.5531
exp14-v17-tp1-decode-matrix,repne-v17,c2_ctx32768,115.76,547.7,575.3,14.985,68.7,0.1577,0.4326
exp15-v17-tp1-maxctx,repne-v17,c1_ctx0,57.22,160.4,214.3,11.932,102.7,0.3500,0.0581
exp15-v17-tp1-maxctx,repne-v17,c1_ctx16384,68.48,201.1,203.7,13.368,75.5,0.2273,0.1161
exp15-v17-tp1-maxctx,repne-v17,c1_ctx32768,63.95,311.3,313.3,12.987,79.7,0.3636,0.1773
exp15-v17-tp1-maxctx,repne-v17,c1_ctx65536,96.12,347.1,348.9,11.919,94.7,0.1307,0.2965
exp15-v17-tp1-maxctx,repne-v17,c1_ctx131072,47.19,668.6,668.6,19.926,50.2,0.4250,0.5348
exp15-v17-tp1-maxctx,repne-v17,c2_ctx0,123.51,209.8,279.2,13.197,87.1,0.2051,0.1161
exp15-v17-tp1-maxctx,repne-v17,c4_ctx0,218.87,196.3,203.3,16.697,62.3,0.3438,0.2506
exp15-v17-tp1-maxctx,repne-v17,c8_ctx0,375.94,249.3,258.5,20.440,49.0,0.1562,0.5134
exp15-v17-tp1-maxctx,repne-v17,c16_ctx0,640.57,633.6,650.3,23.899,41.9,0.1938,0.9811
exp15-v17-tp1-maxctx,repne-v17,c32_ctx0,631.02,25042.9,59009.6,25.221,40.1,0.1897,0.9291
exp15-v17-tp1-maxctx,repne-v17,c64_ctx0,642.05,25803.7,56496.6,25.975,39.3,0.2067,0.8710
exp15-v17-tp1-maxctx,repne-v17,c2_ctx16384,113.68,313.0,341.3,17.083,58.6,0.3036,0.1864
exp15-v17-tp1-maxctx,repne-v17,c4_ctx16384,209.18,556.7,574.9,18.431,54.3,0.1953,0.3148
exp15-v17-tp1-maxctx,repne-v17,c8_ctx16384,400.14,1017.4,1032.4,19.357,51.8,0.2004,0.5715
exp15-v17-tp1-maxctx,repne-v17,c2_ctx32768,112.86,464.2,552.7,14.002,82.4,0.2422,0.2414
exp15-v17-tp1-maxctx,repne-v17,c4_ctx32768,214.34,969.5,990.7,18.200,55.4,0.3719,0.3790
exp15-v17-tp1-maxctx,repne-v17,c2_ctx65536,104.43,568.6,594.0,18.442,54.2,0.2143,0.3637
exp16-v17-tp2-bf16-posttune,repne-v17,c1_ctx0,96.56,64.3,65.9,9.993,100.1,0.2786,0.0183
exp16-v17-tp2-bf16-posttune,repne-v17,c1_ctx16384,102.40,124.4,125.4,9.511,105.3,0.1107,0.0365
exp16-v17-tp2-bf16-posttune,repne-v17,c1_ctx32768,101.86,207.8,211.7,9.481,105.9,0.2390,0.0539
exp16-v17-tp2-bf16-posttune,repne-v17,c1_ctx65536,90.23,278.0,302.2,10.734,93.2,0.1477,0.0886
exp16-v17-tp2-bf16-posttune,repne-v17,c1_ctx131072,93.08,479.7,480.3,10.356,96.6,0.1774,0.1599
exp16-v17-tp2-bf16-posttune,repne-v17,c2_ctx0,179.32,94.8,123.1,10.906,91.7,0.2235,0.0365
exp16-v17-tp2-bf16-posttune,repne-v17,c4_ctx0,351.56,113.3,148.1,11.100,90.6,0.2067,0.0731
exp16-v17-tp2-bf16-posttune,repne-v17,c8_ctx0,606.69,149.4,185.0,12.680,79.1,0.2561,0.0183
exp16-v17-tp2-bf16-posttune,repne-v17,c16_ctx0,858.91,243.9,268.7,16.999,62.3,0.2105,0.3033
exp16-v17-tp2-bf16-posttune,repne-v17,c32_ctx0,1170.55,440.4,466.6,26.381,38.0,0.1785,0.5847
exp16-v17-tp2-bf16-posttune,repne-v17,c64_ctx0,1064.98,10091.8,88863.3,45.398,25.1,0.2847,0.1909
exp16-v17-tp2-bf16-posttune,repne-v17,c128_ctx0,1113.06,17931.9,89714.8,43.524,25.9,0.2725,0.2951
exp16-v17-tp2-bf16-posttune,repne-v17,c2_ctx16384,191.88,196.4,264.0,10.183,98.6,0.2045,0.0566
exp16-v17-tp2-bf16-posttune,repne-v17,c4_ctx16384,343.92,271.8,405.2,11.052,91.3,0.2308,0.0914
exp16-v17-tp2-bf16-posttune,repne-v17,c8_ctx16384,584.90,478.0,792.2,12.583,80.2,0.2517,0.1654
exp16-v17-tp2-bf16-posttune,repne-v17,c16_ctx16384,901.97,1061.8,1476.9,16.331,63.5,0.2890,0.3188
exp16-v17-tp2-bf16-posttune,repne-v17,c32_ctx16384,1125.94,2898.2,2969.5,27.118,37.0,0.2096,0.6285
exp16-v17-tp2-bf16-posttune,repne-v17,c2_ctx32768,189.43,328.4,395.6,10.300,97.2,0.2140,0.0731
exp16-v17-tp2-bf16-posttune,repne-v17,c4_ctx32768,348.92,435.3,742.4,11.179,89.9,0.2021,0.1096
exp16-v17-tp2-bf16-posttune,repne-v17,c8_ctx32768,570.23,779.7,1382.0,12.879,78.7,0.2530,0.1809
exp16-v17-tp2-bf16-posttune,repne-v17,c16_ctx32768,849.35,2472.8,2757.0,18.289,54.9,0.2245,0.3481
exp16-v17-tp2-bf16-posttune,repne-v17,c2_ctx65536,174.89,356.9,437.2,10.949,91.4,0.2129,0.1069
exp16-v17-tp2-bf16-posttune,repne-v17,c4_ctx65536,327.18,599.5,918.0,11.566,87.0,0.2219,0.1434
exp16-v17-tp2-bf16-posttune,repne-v17,c8_ctx65536,545.86,786.6,1622.6,12.666,84.1,0.2733,0.2110
exp16-v17-tp2-bf16-posttune,repne-v17,c2_ctx131072,167.58,694.7,909.1,11.206,89.9,0.3165,0.1772
exp16-v17-tp2-bf16-posttune,repne-v17,c4_ctx131072,303.99,1228.4,1987.8,12.184,82.9,0.2790,0.2138
exp17-v17-tp2-fp8-mtp3,repne-v17,c1_ctx0,129.01,59.7,62.0,7.624,131.2,0.5294,0.0058
exp17-v17-tp2-fp8-mtp3,repne-v17,c1_ctx16384,130.01,200.6,202.0,7.175,140.8,0.8295,0.0147
exp17-v17-tp2-fp8-mtp3,repne-v17,c1_ctx32768,119.35,269.0,270.1,8.263,121.0,0.4583,0.0246
exp17-v17-tp2-fp8-mtp3,repne-v17,c1_ctx65536,111.69,404.3,406.1,8.711,114.9,0.3696,0.0424
exp17-v17-tp2-fp8-mtp3,repne-v17,c1_ctx131072,96.73,694.8,699.6,9.911,100.9,0.5214,0.0782
exp17-v17-tp2-fp8-mtp3,repne-v17,c2_ctx0,250.38,482.5,1065.3,7.515,135.0,0.6523,0.0116
exp17-v17-tp2-fp8-mtp3,repne-v17,c4_ctx0,490.57,92.9,106.8,9.472,107.5,0.5180,0.0268
exp17-v17-tp2-fp8-mtp3,repne-v17,c8_ctx0,936.10,125.1,221.6,8.048,125.7,0.7014,0.0482
exp17-v17-tp2-fp8-mtp3,repne-v17,c16_ctx0,1607.73,224.1,411.3,9.823,101.9,0.5120,0.1032
exp17-v17-tp2-fp8-mtp3,repne-v17,c32_ctx0,2153.43,289.2,445.4,14.349,69.9,0.5432,0.1858
exp17-v17-tp2-fp8-mtp3,repne-v17,c64_ctx0,2696.39,852.2,895.9,23.310,42.9,0.5303,0.4127
exp17-v17-tp2-fp8-mtp3,repne-v17,c128_ctx0,2959.73,1214.0,1546.3,42.109,23.8,0.5107,0.8004
exp17-v17-tp2-fp8-mtp3,repne-v17,c2_ctx16384,250.43,264.8,378.3,7.498,135.3,0.7078,0.0210
exp17-v17-tp2-fp8-mtp3,repne-v17,c4_ctx16384,491.53,379.5,683.0,7.584,134.0,0.7249,0.0335
exp17-v17-tp2-fp8-mtp3,repne-v17,c8_ctx16384,898.82,767.9,1200.3,8.678,115.4,0.5278,0.0657
exp17-v17-tp2-fp8-mtp3,repne-v17,c16_ctx16384,1371.69,1583.3,3011.2,11.334,88.6,0.5815,0.1157
exp17-v17-tp2-fp8-mtp3,repne-v17,c32_ctx16384,1883.27,3606.7,5292.8,18.896,55.8,0.5318,0.0147
exp17-v17-tp2-fp8-mtp3,repne-v17,c64_ctx16384,2278.01,6566.9,8889.9,29.178,34.4,0.5132,0.4372
exp17-v17-tp2-fp8-mtp3,repne-v17,c2_ctx32768,245.31,369.2,539.1,7.567,133.8,0.7644,0.0299
exp17-v17-tp2-fp8-mtp3,repne-v17,c4_ctx32768,468.20,558.5,898.1,8.398,119.2,0.4752,0.0000
exp17-v17-tp2-fp8-mtp3,repne-v17,c8_ctx32768,828.25,1030.2,1991.3,9.521,105.2,0.5467,0.0746
exp17-v17-tp2-fp8-mtp3,repne-v17,c16_ctx32768,1238.76,1796.2,3388.9,12.614,79.7,0.5954,0.1246
exp17-v17-tp2-fp8-mtp3,repne-v17,c32_ctx32768,1668.60,6846.9,7642.0,19.076,52.6,0.5156,0.2461
exp17-v17-tp2-fp8-mtp3,repne-v17,c2_ctx65536,218.94,617.7,900.3,8.862,112.9,0.5038,0.0496
exp17-v17-tp2-fp8-mtp3,repne-v17,c4_ctx65536,430.62,929.0,1470.3,9.039,110.7,0.4864,0.0639
exp17-v17-tp2-fp8-mtp3,repne-v17,c8_ctx65536,713.33,1473.8,2679.6,10.838,92.4,0.4572,0.0889
exp17-v17-tp2-fp8-mtp3,repne-v17,c16_ctx65536,984.10,3458.3,5653.8,17.263,61.2,0.7207,0.0415
exp17-v17-tp2-fp8-mtp3,repne-v17,c2_ctx131072,192.09,1008.1,1391.6,9.993,100.4,0.6096,0.0853
exp17-v17-tp2-fp8-mtp3,repne-v17,c4_ctx131072,368.35,1777.9,2969.4,10.434,96.1,0.4884,0.0996
exp17-v17-tp2-fp8-mtp3,repne-v17,c8_ctx131072,535.33,3521.4,5860.4,14.448,71.0,0.6466,0.1246
exp18-v17-tp1-bf16-posttune,repne-v17,c1_ctx0,55.28,108.4,113.1,11.624,111.0,0.1304,0.1041
exp18-v17-tp1-bf16-posttune,repne-v17,c1_ctx16384,59.27,181.6,181.6,16.362,61.1,0.2500,0.2191
exp18-v17-tp1-bf16-posttune,repne-v17,c1_ctx32768,71.08,288.7,290.4,13.502,74.1,0.1902,0.3176
exp18-v17-tp1-bf16-posttune,repne-v17,c1_ctx65536,53.54,321.2,321.2,17.659,56.6,0.0682,0.5367
exp18-v17-tp1-bf16-posttune,repne-v17,c1_ctx131072,61.89,634.3,634.3,15.701,63.7,0.2262,0.7820
exp18-v17-tp1-bf16-posttune,repne-v17,c2_ctx0,127.97,269.1,427.0,14.104,71.7,0.2358,0.2081
exp18-v17-tp1-bf16-posttune,repne-v17,c4_ctx0,204.53,163.5,176.5,18.513,54.0,0.2062,0.4600
exp18-v17-tp1-bf16-posttune,repne-v17,c8_ctx0,382.96,200.1,227.3,20.003,50.1,0.1892,0.9200
exp18-v17-tp1-bf16-posttune,repne-v17,c16_ctx0,443.80,22307.0,43991.8,19.353,52.3,0.2537,0.7284
exp18-v17-tp1-bf16-posttune,repne-v17,c32_ctx0,412.30,40045.2,86832.7,19.641,51.7,0.1886,0.5203
exp18-v17-tp1-bf16-posttune,repne-v17,c64_ctx0,425.51,40734.7,87954.5,19.191,53.7,0.2727,0.1041
exp18-v17-tp1-bf16-posttune,repne-v17,c2_ctx16384,122.58,268.8,301.7,13.439,81.3,0.2669,0.3122
exp18-v17-tp1-bf16-posttune,repne-v17,c4_ctx16384,224.27,456.4,519.4,15.490,71.6,0.1706,0.5422
exp18-v17-tp1-bf16-posttune,repne-v17,c2_ctx32768,115.13,506.7,507.4,16.801,59.5,0.2074,0.4491
